YEAR,STATE,ZIPCODE,N1,MARS2,A00100,N04470,A04470,N18425,A18425,N04800,A04800,N07100,A07100
2011,DC,0,324447,50370,25360804,130796,4111877,119907,1303595,266334,18372715,92284,132831
2011,DC,20001,21960,2567,1397088,8293,203827,7735,60767,18549,1009744,5489,6249
2011,DC,20002,28977,4099,1735292,10860,265452,10049,74052,23714,1208744,7876,8303
2011,DC,20003,14251,3045,1334307,6919,206530,6460,68039,12925,1009982,3907,3746
2011,DC,20004,1059,217,163592,711,26302,664,10115,1007,130535,283,1183
2011,DC,20005,8002,827,698772,3433,93081,3176,34839,7245,546065,1852,3569
2011,DC,20006,1000,123,91658,317,10945,213,3310,822,69395,219,748
2011,DC,20007,12969,3396,2359083,6747,424048,6057,154711,11725,1841331,4380,18164
2011,DC,20008,17138,3721,2596796,8321,421441,7637,164828,15792,2045240,5120,10520
2011,DC,20009,30753,3490,2452829,12280,317431,11540,117375,27422,1890008,7522,9295
2011,DC,20010,17729,2315,925780,5818,126547,5384,34604,14743,639017,4953,5196
2011,DC,20011,34978,5417,1673876,13951,302711,12795,63489,27950,1046722,10190,11129
2011,DC,20012,7435,1836,577295,3805,113938,3448,29106,6269,399879,2148,2272
2011,DC,20015,7799,3363,1436394,5130,274012,4667,93211,6931,1101348,3046,4180
2011,DC,20016,14476,5042,3024487,9046,538996,8223,210363,12784,2379014,5431,13848
2011,DC,20017,8959,1471,477436,4097,90847,3706,19734,7317,308657,2388,2636
2011,DC,20018,8821,1339,439292,3939,89348,3604,17480,6990,271272,2437,2668
2011,DC,20019,26647,1901,865175,7616,143711,6982,23442,18298,445493,7931,8767
2011,DC,20020,24743,1903,874607,7247,149427,6661,26789,17004,472797,7007,7668
2011,DC,20024,7306,882,464545,3005,65152,2741,19200,6140,339484,1607,1558
2011,DC,20032,16187,1693,517268,3678,68146,3273,11197,10975,265274,5161,5518
2011,DC,20036,3777,392,432617,1740,62173,1589,24539,3506,317210,932,2162
2011,DC,20037,5316,827,628004,2639,94581,2289,36090,4730,499106,1481,2789
2011,DC,99999,4165,504,194619,1204,23223,1014,6320,3496,136391,924,664
2011,MD,0,2801555,958856,196896143,1358700,37798396,1244051,10369804,2275174,131507846,950279,1130746
2011,MD,20601,11785,4026,768656,6575,173724,6109,38543,9869,483034,4067,4962
2011,MD,20602,11994,3274,667192,6132,145162,5690,30787,9925,402609,4531,5723
2011,MD,20603,13443,4793,988711,7999,229296,7405,50871,11565,628359,5214,6664
2011,MD,20606,147,69,9799,76,1804,71,493,124,6555,45,44
2011,MD,20607,5288,1942,434862,3476,115524,3218,24353,4535,273177,1736,2038
2011,MD,20608,414,156,26729,222,6193,204,1337,355,16852,115,134
2011,MD,20609,509,233,32964,244,6610,225,1651,416,21419,141,139
2011,MD,20611,535,228,36699,273,7111,259,1894,451,24196,166,187
2011,MD,20613,6613,2271,475215,3954,121625,3670,24950,5631,292598,2152,2594
2011,MD,20615,200,88,14344,101,2989,89,697,158,9476,56,53
2011,MD,20616,2950,898,181520,1639,42667,1549,8980,2485,110158,1064,1358
2011,MD,20617,494,222,39599,297,7994,262,2193,416,27219,140,144
2011,MD,20618,338,159,20608,158,3598,150,887,279,13257,98,117
2011,MD,20619,5317,2225,406179,2769,66529,2501,19648,4673,283164,2004,2465
2011,MD,20620,700,269,48234,330,7839,302,2443,574,33215,219,253
2011,MD,20621,708,291,40641,347,8024,313,2108,570,25606,205,248
2011,MD,20622,2235,984,150861,1150,31437,1045,7767,1823,97338,686,774
2011,MD,20623,1487,505,115705,975,30527,916,6480,1305,71803,533,663
2011,MD,20624,595,253,38867,292,6967,273,1985,508,25966,206,271
2011,MD,20626,178,80,15039,92,2398,84,673,154,10465,62,55
2011,MD,20628,300,145,21777,162,3857,147,1016,256,14784,96,110
2011,MD,20630,213,115,25109,120,4148,114,1563,193,18806,73,46
2011,MD,20632,230,95,14001,122,3183,105,704,181,8563,82,98
2011,MD,20634,3424,1316,230373,1685,39848,1536,11135,2875,154808,1262,1553
2011,MD,20636,4791,2260,380177,2617,71570,2413,20410,4081,259074,1676,1953
2011,MD,20637,2733,1264,217555,1607,49703,1478,11917,2295,142554,830,940
2011,MD,20639,6957,3373,594215,4070,125085,3728,32235,5879,401368,2329,2917
2011,MD,20640,4715,1487,270668,2268,54976,2082,11787,3943,167119,1594,1822
2011,MD,20645,401,229,41460,249,8458,229,2202,336,28779,147,163
2011,MD,20646,9412,3908,715277,5186,147338,4780,38053,7919,478490,2969,3250
2011,MD,20650,5954,2907,510994,3280,92691,2982,28106,5022,356247,2174,2548
2011,MD,20653,10374,3593,622973,4222,99684,3819,26971,8346,410876,3626,4042
2011,MD,20657,8971,3669,569505,4831,112391,4385,27394,7318,367738,3192,4047
2011,MD,20658,582,203,33759,288,6628,260,1526,470,21738,152,167
2011,MD,20659,10629,4865,697629,5706,140875,5277,35971,8904,448654,3591,4554
2011,MD,20662,1244,501,69874,599,14205,541,3297,997,43176,348,395
2011,MD,20664,1334,502,91120,675,19001,608,5340,1078,53291,409,458
2011,MD,20667,288,112,17012,118,2766,114,765,225,11079,92,93
2011,MD,20670,538,259,30194,126,2993,103,876,484,18833,322,353
2011,MD,20674,376,146,26125,198,5218,179,1246,317,17448,112,120
2011,MD,20675,882,365,66504,477,13192,432,3479,758,44734,266,258
2011,MD,20676,1582,747,122186,956,27356,893,6493,1311,80201,572,661
2011,MD,20677,1160,564,121702,700,25187,651,5988,982,86088,341,373
2011,MD,20678,5283,1989,333323,2627,67712,2348,16187,4249,214412,1684,1914
2011,MD,20680,436,199,27307,194,4381,162,1173,356,18250,124,126
2011,MD,20684,540,260,39558,294,7527,274,2019,451,26705,181,191
2011,MD,20685,3174,1395,240505,1827,50963,1650,13116,2671,159307,1083,1367
2011,MD,20686,202,96,20729,131,4222,116,1175,184,14908,68,71
2011,MD,20687,161,61,10056,81,1841,69,465,128,6682,40,41
2011,MD,20688,1160,475,94886,645,17620,554,4270,1019,67083,315,244
2011,MD,20689,829,414,66170,483,13801,449,3518,700,44110,283,312
2011,MD,20690,402,198,41055,238,7688,219,2371,344,29697,122,155
2011,MD,20692,570,265,41292,293,7861,265,2259,482,27661,170,175
2011,MD,20693,578,247,42485,316,8700,284,2130,481,28260,165,203
2011,MD,20695,4470,1658,327699,2724,77611,2507,16831,3835,208081,1480,1800
2011,MD,20705,13411,3836,714167,6755,161024,6197,34343,10700,422929,4726,5334
2011,MD,20706,19884,4713,944801,9873,228822,9021,42212,15455,520066,7179,8556
2011,MD,20707,17430,4729,1023102,9095,220478,8381,49832,14424,641247,5637,6600
2011,MD,20708,13102,3026,682499,5750,135139,5348,30453,10583,413395,4960,5873
2011,MD,20710,4209,682,145086,1479,27143,1390,4676,3124,71803,1527,1660
2011,MD,20711,3182,1150,206066,1299,36846,1167,9395,2578,136834,903,1010
2011,MD,20712,4402,747,172017,1622,30146,1506,5871,3501,96700,1548,1606
2011,MD,20714,2248,711,133498,1137,25992,1029,6014,1900,86253,697,842
2011,MD,20715,12864,5013,950269,7750,201703,7134,51000,11029,631728,4276,4758
2011,MD,20716,11223,3129,775855,6855,180860,6385,41427,9734,497440,3882,4646
2011,MD,20720,11141,3917,931778,7309,240147,6808,53874,9501,594028,3871,4745
2011,MD,20721,14471,4606,1251284,9697,334258,8871,70659,12392,797387,4782,5531
2011,MD,20722,3011,578,109882,1310,24061,1188,4213,2250,55682,1013,1065
2011,MD,20723,14417,5841,1163461,8088,235862,7547,65919,12220,782640,5619,6882
2011,MD,20724,8440,2238,514388,4231,96925,3954,23324,7204,334971,3021,3443
2011,MD,20732,4958,1973,371402,2894,76649,2671,19531,4221,248283,1722,2050
2011,MD,20733,1507,599,102365,854,21133,785,5208,1257,67527,482,567
2011,MD,20735,19236,5344,1265378,11858,339723,10926,65330,16344,757638,6328,7431
2011,MD,20736,4382,2119,379834,2613,79547,2413,21731,3690,259034,1424,1604
2011,MD,20737,10288,2391,363296,3899,75478,3603,13328,6974,169187,3609,3769
2011,MD,20740,11348,2827,563874,5135,97889,4271,24431,9213,363989,3347,3694
2011,MD,20743,19332,2549,790335,8934,188480,8058,31786,15057,419168,6391,7418
2011,MD,20744,26583,7472,1729684,15760,441400,14355,85440,22503,1055372,8457,9757
2011,MD,20745,14491,2165,632397,5936,127033,5446,23778,11576,361847,4675,5203
2011,MD,20746,15452,1958,674130,6439,137333,5856,25414,12328,382540,5177,5945
2011,MD,20747,20274,2752,899722,9440,206173,8723,37689,16239,502151,6879,8066
2011,MD,20748,20070,3369,974252,9895,221200,8959,40758,16443,567879,6321,7224
2011,MD,20751,1198,466,84819,656,17376,592,4120,1032,56527,359,341
2011,MD,20754,3435,1662,306177,2000,62308,1835,16702,2929,211395,1048,1145
2011,MD,20755,3470,1892,164776,490,9820,331,1990,3024,96706,1955,2553
2011,MD,20758,447,190,35808,242,7372,221,2213,375,24919,125,135
2011,MD,20759,1872,969,297221,1284,60460,1202,21122,1632,219728,687,944
2011,MD,20762,1462,759,59221,154,2940,76,266,1290,32937,787,927
2011,MD,20763,1426,401,71058,584,12007,518,2843,1120,44600,464,527
2011,MD,20764,2036,830,147451,1207,30858,1087,7564,1731,98321,642,727
2011,MD,20769,3403,1307,303282,2162,74336,1978,17278,2903,198232,1192,1356
2011,MD,20770,12641,2454,614805,5789,111406,5259,26487,10281,381742,4376,4860
2011,MD,20772,22255,6365,1630511,14374,427218,13342,88204,19429,1011619,7468,8925
2011,MD,20774,23870,5768,1686124,15224,440921,14051,86359,20564,1048319,7802,9778
2011,MD,20776,1621,694,127329,819,25349,757,6816,1341,86497,500,548
2011,MD,20777,1610,899,326711,1086,50371,987,18353,1397,189100,603,717
2011,MD,20778,922,462,90856,590,19121,546,4928,789,63540,308,293
2011,MD,20779,679,307,61306,408,12405,367,3320,565,42963,199,226
2011,MD,20781,6093,1369,278992,2569,54690,2336,11387,4580,159121,2018,2089
2011,MD,20782,15955,3318,712280,6917,142175,6414,30276,12550,414801,5620,5725
2011,MD,20783,21418,4224,745792,8772,160361,7850,27833,15021,361453,7079,6768
2011,MD,20784,15118,3148,605297,6909,137963,6349,24181,11478,311746,5574,6235
2011,MD,20785,18479,3034,840782,8389,181949,7663,35434,14518,477523,6471,7375
2011,MD,20794,4944,1631,289045,2271,53139,2104,13648,4082,187033,1592,1827
2011,MD,20812,159,75,21566,111,4049,103,1451,138,16119,73,46
2011,MD,20814,14719,5131,2461901,8790,454239,7927,163136,13109,1893540,5145,11869
2011,MD,20815,14607,6248,3219233,9728,630941,8875,244620,12964,2477472,6045,12861
2011,MD,20816,7565,3705,1578238,5341,309167,4884,116265,6690,1207284,3311,5744
2011,MD,20817,16495,8270,3752864,11336,699929,10362,271166,14333,2915681,7102,18369
2011,MD,20818,914,396,154267,622,29560,553,10523,777,117695,359,367
2011,MD,20832,12195,5473,1113764,7416,225886,6886,66661,10325,774794,4627,4845
2011,MD,20833,3627,1893,447893,2352,94096,2167,29941,3054,320362,1371,2024
2011,MD,20837,2869,1383,278920,1689,54964,1576,17255,2396,196657,1010,1244
2011,MD,20838,160,88,25506,98,4334,91,1798,137,18241,60,55
2011,MD,20839,120,53,9268,69,1881,59,509,100,6276,45,23
2011,MD,20841,3784,2190,404598,2515,90646,2349,25854,3203,273360,1610,1843
2011,MD,20842,876,384,93711,446,17025,407,5949,723,68632,258,331
2011,MD,20850,21615,8860,2256948,12186,422885,11076,136458,18372,1638479,7824,13910
2011,MD,20851,7413,2373,378867,3221,67506,2951,16765,5856,237865,2355,2298
2011,MD,20852,21500,7269,2115650,11237,360159,10037,118636,18533,1570555,7111,7863
2011,MD,20853,15077,6258,1190055,8116,234156,7341,66637,12096,813765,5300,5692
2011,MD,20854,22517,12531,5938346,15645,1096675,14303,445590,19328,4651415,9748,47825
2011,MD,20855,7041,3327,692066,4177,135780,3854,42080,5950,491043,2607,2765
2011,MD,20860,862,361,103707,491,21763,441,6811,693,73939,305,321
2011,MD,20861,1021,497,124799,633,25936,572,7833,851,89822,365,516
2011,MD,20862,193,93,23064,124,6016,117,1524,162,15566,70,42
2011,MD,20866,7043,2282,462031,3817,98855,3534,24763,5715,296295,2641,3067
2011,MD,20868,370,159,31234,205,7387,184,1603,309,17489,116,126
2011,MD,20871,6880,3589,668236,4445,148895,4206,40455,5951,448898,2960,3575
2011,MD,20872,6375,2822,478952,3640,99082,3367,26896,5255,318942,2300,2625
2011,MD,20874,28772,9848,1993795,15048,382353,14140,108571,23959,1329158,10795,13174
2011,MD,20876,12011,4415,802316,6056,156021,5659,41948,9643,525431,4450,5211
2011,MD,20877,17605,5000,849652,7306,161436,6701,36166,13213,510901,6222,6443
2011,MD,20878,29438,13217,3004549,16996,562370,15727,181706,24756,2160250,11061,13071
2011,MD,20879,12395,4392,771252,6306,154067,5859,41250,9891,497043,4465,5047
2011,MD,20882,6771,3494,832948,4239,165000,3925,50458,5755,605451,2425,4277
2011,MD,20886,16921,5182,973875,8643,194918,7992,48307,13461,618378,6025,6380
2011,MD,20895,9149,4101,1072566,5770,201609,5295,65120,7882,788020,3409,3278
2011,MD,20901,18355,6185,1250966,9797,244327,8994,67147,14840,833650,6631,6628
2011,MD,20902,24493,8007,1479107,11581,276731,10548,74454,19244,960995,8522,8796
2011,MD,20903,12221,2783,478841,4605,93314,4264,19056,8570,249494,4293,4189
2011,MD,20904,28339,8721,1793279,13849,356186,12609,86164,22817,1166127,10152,10649
2011,MD,20905,9231,4188,851180,5394,179178,4941,50088,7610,587185,3262,3486
2011,MD,20906,34021,10177,1876595,16033,369160,14287,85378,26602,1187505,11245,11155
2011,MD,20910,21633,5994,1798851,9945,286020,9137,89764,18716,1318069,6913,7224
2011,MD,20912,13081,3299,738018,5747,138472,5303,37315,10117,474558,4447,4341
2011,MD,21001,11201,3691,552482,4391,95551,4040,23386,8837,341203,3477,3772
2011,MD,21005,668,351,44299,207,4459,179,1079,583,29871,322,432
2011,MD,21009,14530,6141,956635,8591,196715,8061,51356,12578,622094,5406,6702
2011,MD,21012,10699,4702,985211,6126,187698,5637,54245,9074,697136,3798,5243
2011,MD,21013,2322,1265,232247,1402,43359,1288,13535,1979,166956,826,911
2011,MD,21014,17772,8010,1267554,9730,237635,8980,67996,15040,857111,6177,7097
2011,MD,21015,13727,6493,1118808,7752,214432,7274,64819,11644,767837,4954,6214
2011,MD,21017,3206,1082,184608,1659,36730,1552,8899,2764,118944,1161,1450
2011,MD,21028,1604,830,146585,864,27287,800,8724,1373,103080,549,659
2011,MD,21029,5306,3001,849319,3478,161960,3256,58747,4477,635368,2146,2858
2011,MD,21030,12956,4469,1516602,5673,217179,5122,73820,10714,1094153,4520,6481
2011,MD,21032,4464,2101,530552,2597,101617,2359,33188,3845,388447,1515,1737
2011,MD,21034,1700,752,96004,742,18169,685,4733,1373,60618,485,556
2011,MD,21035,3866,2061,571962,2467,111581,2254,34767,3292,425084,1401,1505
2011,MD,21036,1046,553,134195,647,26834,574,8309,886,97453,373,423
2011,MD,21037,10302,4324,971373,6087,193547,5564,54731,8756,684231,3490,3953
2011,MD,21040,11512,3139,481937,4365,86924,4027,19027,8702,272556,3855,4347
2011,MD,21042,18146,9934,2339378,11558,477297,10713,152845,15490,1691270,7030,8130
2011,MD,21043,19735,9375,1934574,11360,384585,10628,109764,16774,1379154,7413,8219
2011,MD,21044,20904,7802,1799621,11519,335581,10631,103132,17658,1272695,7298,7078
2011,MD,21045,19551,7236,1385922,10670,272464,9817,73285,16107,927396,6923,7383
2011,MD,21046,7900,3010,701737,4498,126945,4194,37124,6781,501892,2828,2970
2011,MD,21047,5858,3194,533604,3422,103660,3156,31547,4944,373148,2050,2412
2011,MD,21048,5199,2600,449326,2792,82273,2607,25829,4408,315665,1719,2110
2011,MD,21050,9014,4463,726894,5165,143136,4784,41823,7627,495340,3181,3834
2011,MD,21051,176,89,16575,104,3391,92,1035,151,11605,52,36
2011,MD,21053,1602,760,117437,781,22027,714,6234,1264,79344,549,676
2011,MD,21054,5233,2531,503683,3096,97551,2819,27476,4495,355434,1757,1754
2011,MD,21057,2064,1038,196974,1234,39972,1102,11443,1727,138715,725,754
2011,MD,21060,15634,4973,780342,6891,142947,6352,32478,12779,480562,4903,5085
2011,MD,21061,26578,7957,1267570,9840,199287,9099,47718,21512,784850,8656,9452
2011,MD,21074,7585,3415,496140,3949,94415,3711,27069,6339,326185,2644,3227
2011,MD,21075,12660,5141,959120,6902,187683,6514,52003,10834,642660,4810,5686
2011,MD,21076,6968,2855,555904,3912,108065,3635,28474,6069,380632,2287,2573
2011,MD,21077,152,44,7853,69,1374,63,307,131,5131,35,33
2011,MD,21078,9077,3556,605302,4288,109526,3958,30114,7517,406795,2755,2879
2011,MD,21082,463,222,41430,240,7627,223,2501,385,29421,149,179
2011,MD,21084,3819,1971,284009,2057,54282,1911,15982,3196,192801,1271,1476
2011,MD,21085,8443,3521,498584,4142,94648,3797,23997,7061,319042,2672,3066
2011,MD,21087,2900,1467,239351,1582,45641,1434,13556,2426,166790,911,1033
2011,MD,21090,5103,2127,334184,2483,56252,2285,15330,4297,226888,1631,1980
2011,MD,21093,19505,8432,2154738,11447,398586,10288,130625,16652,1582825,7264,8399
2011,MD,21102,5593,2769,353173,2911,70543,2713,18531,4626,225762,1926,2455
2011,MD,21104,2276,1242,318741,1438,60247,1353,21361,1933,236154,856,941
2011,MD,21108,8735,4046,904246,4755,159817,4427,53634,7466,657214,3090,3349
2011,MD,21111,2496,1270,361706,1470,74552,1339,24700,2069,264122,927,1633
2011,MD,21113,14990,5475,1104668,8181,203486,7497,51621,13286,752278,5452,6379
2011,MD,21114,12588,5129,1047274,7399,194782,6870,53288,10984,728987,4825,5530
2011,MD,21117,26754,8394,2103718,13627,405951,12645,117840,22500,1440702,9926,12189
2011,MD,21120,3451,1785,318743,1961,61288,1820,19944,2915,223071,1187,1380
2011,MD,21122,29696,12586,2034633,15525,388635,14372,101498,25067,1354784,10075,11983
2011,MD,21128,6504,3026,511338,3967,106907,3652,28296,5542,342898,2250,2830
2011,MD,21131,3574,1944,557351,2281,112037,2089,38113,3023,412487,1372,1559
2011,MD,21132,1282,659,82579,641,15565,597,4220,1054,53803,443,506
2011,MD,21133,14487,3639,735236,7348,168567,6744,33397,11755,426257,5342,6446
2011,MD,21136,16341,6470,1373543,8259,253183,7667,78698,13221,960020,5912,7141
2011,MD,21140,1732,866,176889,1112,35104,1017,9764,1493,125976,590,551
2011,MD,21144,15788,6155,1097986,7938,208671,7347,52927,13208,728157,5633,6440
2011,MD,21146,12768,6561,1416962,7739,267524,7099,82379,10879,1026416,4893,5706
2011,MD,21152,2828,1151,322712,1590,57592,1454,19119,2426,239062,1009,1202
2011,MD,21154,3036,1485,192226,1426,36604,1318,9959,2507,124270,913,1139
2011,MD,21155,1280,554,91381,584,16557,531,4660,1017,62324,379,442
2011,MD,21156,200,91,14156,105,2606,96,734,166,9586,64,59
2011,MD,21157,17291,7491,1089390,8406,205076,7710,54650,14110,712606,5518,6082
2011,MD,21158,10109,4656,660613,5333,132719,4867,33708,8424,428350,3464,4027
2011,MD,21160,1173,547,67212,516,11974,482,3216,970,42795,368,467
2011,MD,21161,2698,1325,215496,1404,38730,1285,12121,2263,150744,897,1110
2011,MD,21162,1972,893,124067,1022,26334,940,6309,1631,78017,629,776
2011,MD,21163,3324,1753,356950,2193,75099,2029,22034,2831,250671,1180,1297
2011,MD,21201,7584,796,322398,1779,37930,1550,11392,5782,214189,1866,1652
2011,MD,21202,8211,832,457356,2275,76827,1960,24677,6153,308927,1984,2942
2011,MD,21204,8357,2980,1077953,4512,209282,3972,68628,6985,799902,2960,3591
2011,MD,21205,5907,634,145489,818,12675,719,2447,3600,61738,1744,1461
2011,MD,21206,23946,4422,906699,9448,172494,8690,34987,18412,490159,8388,8873
2011,MD,21207,23264,4375,959809,9905,194071,8961,37065,18237,537664,7747,8322
2011,MD,21208,17090,5790,1559130,9501,300239,8357,90793,14086,1111119,6121,6879
2011,MD,21209,12433,5089,1067965,6636,197556,6021,58588,10593,749171,4797,6132
2011,MD,21210,5745,2107,783483,3489,149004,3014,51718,5084,589809,2015,2426
2011,MD,21211,8409,1975,410382,3232,65329,2917,16367,6981,268463,2202,1821
2011,MD,21212,14548,4677,1281614,7542,236870,6968,81602,11933,908279,5432,6152
2011,MD,21213,13429,1238,397664,3771,61523,3473,11966,9232,189895,4460,4204
2011,MD,21214,9577,2278,435652,4507,85277,4125,19508,7574,260472,3110,3322
2011,MD,21215,24509,3940,872495,7647,150015,6803,30039,17393,460602,7612,7608
2011,MD,21216,12593,1126,373470,3197,51816,2910,10214,8780,183618,3870,3557
2011,MD,21217,14042,1080,469406,2988,61887,2711,15265,9283,259163,3963,3497
2011,MD,21218,19914,2907,998232,6583,160493,5868,48182,14874,646222,5862,5584
2011,MD,21219,4544,1856,246845,1977,43526,1839,11052,3724,155455,1348,1528
2011,MD,21220,19516,6184,926578,7707,160844,7198,38467,15562,559911,6333,7029
2011,MD,21221,20143,5924,879174,7332,148454,6787,34279,15474,517876,6208,6838
2011,MD,21222,26110,7693,1035733,8664,148797,7957,35770,20021,601875,7741,8089
2011,MD,21223,9197,850,231701,1400,21675,1285,4490,5653,102987,2589,2183
2011,MD,21224,23471,4745,1134351,8352,172746,7820,48562,17900,729351,6062,5438
2011,MD,21225,13800,2838,475300,3830,68731,3529,15249,9620,255860,3944,3706
2011,MD,21226,3259,969,158482,1321,27783,1239,6707,2547,96646,1068,1079
2011,MD,21227,16172,4920,737389,6322,119180,5811,29910,12799,448420,5054,5345
2011,MD,21228,23813,8844,1549627,12266,285658,11141,75530,19903,1037165,7953,8451
2011,MD,21229,21624,3333,787890,7611,133556,6986,28154,16368,432042,6929,7015
2011,MD,21230,16990,3421,1181760,6978,196970,6585,58733,14076,830221,4547,4251
2011,MD,21231,7860,1300,481112,2777,68247,2579,23057,6258,340504,1985,1809
2011,MD,21234,34978,10490,1704801,15051,290486,13753,70600,28686,1068016,11572,12279
2011,MD,21236,20179,7217,1113323,9522,195304,8828,49568,17093,717758,6886,7926
2011,MD,21237,14779,4638,730117,6339,133567,5868,31141,11984,444821,4811,5300
2011,MD,21239,14079,2279,562136,5889,105712,5433,22258,11168,318670,4954,5270
2011,MD,21244,17908,3789,806630,7689,162383,7041,31974,14331,463961,6494,7629
2011,MD,21286,9327,3531,751659,5002,139259,4458,40008,7859,529027,3171,3225
2011,MD,21401,20006,6677,1858826,10664,376087,9427,97920,16614,1307278,6138,5844
2011,MD,21402,548,199,24794,96,1933,52,317,485,15605,268,292
2011,MD,21403,16197,5197,1433758,8601,275804,7686,79230,13257,1011684,5116,5702
2011,MD,21409,9762,4432,940644,5717,192412,5183,51202,8269,656728,3608,4205
2011,MD,21502,16813,6626,741030,4774,92326,4260,27682,12593,458930,5010,5015
2011,MD,21520,913,454,43822,281,5775,259,1629,702,27257,305,340
2011,MD,21521,564,262,22136,111,1871,99,510,449,12981,171,169
2011,MD,21523,119,63,5062,23,382,22,107,91,2930,36,35
2011,MD,21530,680,332,29517,200,3807,181,940,529,17460,198,195
2011,MD,21531,982,449,40668,248,4493,227,1148,722,24629,291,258
2011,MD,21532,5609,2338,255699,1603,29200,1472,8832,4393,161364,1809,1848
2011,MD,21536,1762,793,74459,449,8978,396,2561,1338,44553,575,557
2011,MD,21538,292,129,10688,38,493,34,157,216,6323,84,81
2011,MD,21539,1132,519,46031,198,3411,183,1048,855,27526,349,375
2011,MD,21541,759,327,44907,317,8330,279,2259,561,29528,212,225
2011,MD,21545,913,413,34306,189,3274,168,963,698,19781,283,289
2011,MD,21550,6248,2869,282401,1743,36761,1557,10285,4580,173089,1909,1950
2011,MD,21555,754,369,29563,213,3665,188,928,580,16656,234,200
2011,MD,21557,793,394,33194,227,3921,201,1064,618,19579,244,261
2011,MD,21561,1150,608,62681,386,9448,335,2336,918,39733,358,371
2011,MD,21562,1260,567,51571,266,4390,235,1367,943,31229,360,348
2011,MD,21601,11506,4489,808757,5149,160230,4374,38701,9065,536737,3774,4369
2011,MD,21607,227,99,10375,86,1520,77,391,175,6312,73,87
2011,MD,21610,167,61,8356,60,1147,55,302,134,5338,51,29
2011,MD,21612,209,111,26814,117,4339,93,1658,169,20577,67,58
2011,MD,21613,8082,2430,357161,2406,52307,2097,12959,5725,218682,2142,1966
2011,MD,21617,4512,2179,330557,2499,72198,2283,17250,3714,214057,1596,1966
2011,MD,21619,3172,1232,224046,1727,46967,1543,11673,2650,148787,971,1072
2011,MD,21620,5618,2201,380452,2540,74705,2200,16276,4423,252243,1639,1816
2011,MD,21622,266,110,11252,87,1738,74,336,197,6690,62,53
2011,MD,21623,839,364,44586,396,8891,353,1979,679,26821,289,345
2011,MD,21625,1134,514,64177,433,10188,378,2329,897,41940,357,416
2011,MD,21629,4049,1687,211502,1706,37144,1545,8970,3183,131072,1273,1496
2011,MD,21631,1198,547,63413,459,9970,403,2438,932,40329,383,454
2011,MD,21632,2858,975,104712,762,13742,693,3158,2044,57687,844,810
2011,MD,21634,325,82,9806,60,1492,47,304,141,4908,39,25
2011,MD,21635,943,475,59708,451,11302,389,2781,774,38982,312,378
2011,MD,21636,532,217,21899,175,3375,158,766,408,12648,150,173
2011,MD,21638,2347,1043,197542,1252,39119,1133,11475,1861,136021,754,824
2011,MD,21639,1986,778,84344,734,14123,658,3255,1488,48852,638,723
2011,MD,21640,633,261,26246,192,3678,172,812,478,14801,196,228
2011,MD,21643,2717,922,106872,952,17345,869,3645,2056,59313,881,931
2011,MD,21645,448,205,29402,213,5272,185,1416,370,19518,149,183
2011,MD,21647,149,74,8622,77,1709,68,353,116,5643,42,32
2011,MD,21649,661,268,22714,161,2963,142,648,443,11205,221,210
2011,MD,21650,101,48,5153,36,760,35,215,82,3056,36,32
2011,MD,21651,1290,527,58939,501,10373,460,2447,1005,34710,408,433
2011,MD,21654,650,318,100653,394,19057,329,4756,552,76481,252,259
2011,MD,21655,2311,975,109013,899,18413,817,4289,1823,65590,729,799
2011,MD,21657,531,256,27991,235,5607,216,1255,423,16809,174,202
2011,MD,21658,1837,880,171309,1047,37151,944,9359,1514,118240,575,610
2011,MD,21659,438,181,20363,154,3007,133,699,350,12534,135,149
2011,MD,21660,1734,687,80087,716,14454,645,3180,1350,47212,562,657
2011,MD,21661,1213,500,64066,474,11507,407,2784,907,40549,316,291
2011,MD,21662,409,212,47995,211,8063,175,2524,322,36088,135,124
2011,MD,21663,1638,734,195686,793,29259,657,7799,1297,145238,493,529
2011,MD,21665,123,61,8284,70,2201,56,334,91,5001,42,30
2011,MD,21666,6245,2875,510670,3577,109162,3233,28344,5134,343352,2052,2514
2011,MD,21667,163,76,7340,71,1154,63,243,136,4439,59,48
2011,MD,21668,748,342,35799,275,5748,250,1413,579,21496,238,276
2011,MD,21671,376,194,22614,162,3910,123,837,282,14959,93,70
2011,MD,21673,1550,637,103316,615,17660,539,3918,1209,69412,501,577
2011,MD,21676,154,76,11462,65,2070,48,538,115,7958,38,18
2011,MD,21677,209,113,15518,95,2567,81,564,167,10758,63,54
2011,MD,21678,1053,434,60857,422,9716,377,2652,817,38707,315,355
2011,MD,21679,261,134,20194,135,4156,114,1135,204,13657,78,71
2011,MD,21701,17720,6265,1169934,8949,223055,8149,57398,14816,783515,5474,6217
2011,MD,21702,19036,7175,1242548,9082,229824,8283,61509,15588,817969,6744,7992
2011,MD,21703,15927,5796,940901,7753,177277,7049,43976,12963,601325,5884,7168
2011,MD,21704,6051,3269,601951,3948,129002,3701,35128,5248,409306,2535,3350
2011,MD,21710,2100,1060,190195,1332,41602,1209,11043,1798,129390,783,897
2011,MD,21711,457,250,22058,167,3488,155,847,369,13093,152,186
2011,MD,21713,4373,2129,284351,2049,49959,1887,13294,3619,187918,1423,1703
2011,MD,21716,2408,940,126837,1063,21737,986,5546,2032,79430,816,977
2011,MD,21718,111,50,7219,60,1251,55,374,87,4826,26,27
2011,MD,21719,704,278,31299,245,4606,226,1123,557,18945,232,284
2011,MD,21722,2676,1283,133519,1043,21932,952,5441,2157,81679,901,1018
2011,MD,21723,356,212,43669,246,10189,230,2887,312,29766,164,160
2011,MD,21727,2007,907,106423,844,19252,774,4847,1620,65863,668,800
2011,MD,21733,562,283,33983,275,6498,252,1671,467,21505,176,219
2011,MD,21737,771,436,124183,518,24673,481,8352,655,91894,294,340
2011,MD,21738,1565,891,254414,1039,50360,962,18096,1342,189000,604,569
2011,MD,21740,26070,8930,1093731,7902,157289,7192,38680,19508,649389,7859,8239
2011,MD,21742,15035,6160,896538,6202,145549,5599,40336,12163,590620,5161,5902
2011,MD,21750,1695,763,67553,462,8578,412,2086,1266,38852,511,528
2011,MD,21754,2852,1536,313589,1746,60266,1635,18578,2435,225691,1034,1086
2011,MD,21755,2651,1344,207444,1492,39922,1374,11184,2221,142297,905,1059
2011,MD,21756,1699,889,113906,875,21812,809,5784,1421,74085,588,791
2011,MD,21757,1321,635,70228,571,12794,527,3181,1054,43302,395,498
2011,MD,21758,2162,1042,151714,1103,29201,1009,7975,1805,100092,689,857
2011,MD,21766,271,137,10900,85,1437,77,352,223,6163,79,83
2011,MD,21767,695,235,28724,214,3737,203,956,544,17354,205,202
2011,MD,21769,5514,2837,479544,3180,96769,2927,28193,4631,330036,1933,2486
2011,MD,21770,2613,1284,204227,1549,40998,1420,11491,2188,138818,870,970
2011,MD,21771,14317,7237,1213687,8355,247920,7775,71363,12008,826650,4961,5801
2011,MD,21773,2526,1269,182249,1314,36224,1227,10271,2077,121225,859,1051
2011,MD,21774,5465,2864,497432,3696,107863,3466,28757,4787,336695,2333,2954
2011,MD,21776,2784,1322,175118,1440,34353,1315,8995,2319,113042,953,1140
2011,MD,21777,794,422,66991,529,14406,501,3789,716,44427,304,414
2011,MD,21778,531,245,29842,210,5391,194,1391,437,18817,153,194
2011,MD,21779,456,228,29309,221,5887,201,1322,374,19046,139,158
2011,MD,21780,722,348,38451,302,7036,271,1515,591,23065,218,262
2011,MD,21782,1975,908,105624,791,16171,738,4509,1640,67679,621,684
2011,MD,21783,4146,2037,235699,1825,40957,1674,10549,3377,149122,1477,1894
2011,MD,21784,18034,8866,1480037,10395,290125,9671,85421,15267,1014456,6287,7440
2011,MD,21787,4933,2186,251613,2237,47465,2043,10986,3981,153085,1555,1841
2011,MD,21788,5722,2553,330921,2629,58770,2424,15522,4804,212409,1855,2144
2011,MD,21791,2413,1117,136363,1071,24671,993,6305,1980,86185,758,890
2011,MD,21793,4972,2245,320796,2499,60839,2307,16017,4069,209123,1725,2103
2011,MD,21794,1147,614,157002,696,32339,630,10393,960,113912,419,471
2011,MD,21795,4564,1939,238421,1681,38043,1511,9601,3649,151177,1436,1671
2011,MD,21797,4181,2137,445983,2382,87342,2180,28293,3454,318436,1405,1621
2011,MD,21798,1158,561,77192,558,15232,523,4070,957,49884,392,473
2011,MD,21801,12014,4028,626356,4402,104376,4075,30934,8751,395388,3838,4055
2011,MD,21804,16647,5099,710967,5263,103446,4800,27669,12399,425076,5113,4974
2011,MD,21811,11366,4904,645057,4647,114933,3916,23557,8875,414845,3207,3105
2011,MD,21813,1452,631,81106,547,14855,491,3245,1092,50894,447,516
2011,MD,21814,154,54,5939,39,601,33,160,114,3523,51,39
2011,MD,21817,2089,765,74869,543,9617,489,2365,1395,41346,568,506
2011,MD,21821,393,191,17082,139,2481,115,565,291,10154,101,89
2011,MD,21822,1270,491,65867,449,10338,418,3169,993,41732,401,425
2011,MD,21826,2189,677,90386,721,14579,662,3641,1619,51935,714,779
2011,MD,21829,251,76,8153,58,1089,51,167,183,4209,74,63
2011,MD,21830,1869,841,99925,779,17639,729,4552,1507,62317,640,849
2011,MD,21835,212,83,7689,42,677,40,167,162,4338,59,47
2011,MD,21837,1196,475,55887,401,8561,371,2293,902,33642,376,399
2011,MD,21838,851,345,35034,258,5013,236,1193,631,19784,253,224
2011,MD,21840,183,77,8112,71,1256,55,282,141,5022,42,28
2011,MD,21841,432,177,20548,126,2638,116,568,343,13267,133,171
2011,MD,21842,6244,1981,365428,2253,63681,1889,14585,4652,245368,1345,1789
2011,MD,21849,1542,620,67428,534,9824,493,2583,1213,40687,469,488
2011,MD,21850,1363,550,54423,447,7781,418,1922,1057,31002,449,485
2011,MD,21851,3301,1122,137796,935,18034,837,3788,2446,82099,1026,1025
2011,MD,21853,3574,1102,132662,1012,19381,919,4862,2494,74541,1086,1034
2011,MD,21856,417,175,21931,163,4065,145,1077,314,13692,134,139
2011,MD,21863,2261,844,102742,710,14217,655,3009,1759,63333,685,739
2011,MD,21864,310,120,13418,73,1271,68,294,232,8322,91,96
2011,MD,21865,228,98,10220,98,2023,82,390,175,5918,62,43
2011,MD,21869,425,154,17129,133,2421,119,568,320,9927,113,95
2011,MD,21871,815,341,34258,242,4909,221,1209,602,19941,265,266
2011,MD,21872,350,146,13852,103,1994,91,382,269,7906,106,107
2011,MD,21874,1019,439,42346,363,6654,339,1605,771,24139,329,347
2011,MD,21875,3003,1147,134246,1056,20362,966,5113,2330,81028,934,1034
2011,MD,21901,7357,3175,433326,3297,76762,3055,20773,5895,277966,2425,2832
2011,MD,21903,2741,1074,158862,1209,27103,1129,7199,2279,103323,839,943
2011,MD,21904,3250,1410,188624,1393,32203,1298,8822,2639,121323,1002,1230
2011,MD,21911,5014,2297,275816,2190,47718,2051,13135,4097,172888,1756,2133
2011,MD,21912,524,257,41977,251,7635,230,2575,418,28728,176,228
2011,MD,21915,1578,705,110810,667,18743,604,6749,1269,75780,455,566
2011,MD,21917,1163,582,69635,553,11697,513,3176,982,45040,383,503
2011,MD,21918,2042,925,110540,872,17707,826,4866,1681,70682,629,749
2011,MD,21919,1350,640,76440,610,14175,533,3441,1063,48385,393,452
2011,MD,21921,18763,7629,1054146,7966,179048,7306,50213,15023,673464,6190,7220
2011,MD,99999,26852,6843,1711380,10722,300103,9510,83410,21400,1153240,7573,6695
2011,VA,0,3751317,1473215,254417962,1513795,40008081,1362016,8805557,3001024,174107409,1272405,1431192
2011,VA,20105,5515,3124,640750,3745,129521,3559,27807,4976,451767,2386,3175
2011,VA,20106,2221,1130,155283,1129,28186,1018,5441,1831,104285,733,804
2011,VA,20109,19548,5321,874959,7470,138636,7059,22867,15710,524969,7591,8847
2011,VA,20110,21234,7494,1231353,9034,208863,8424,41004,16773,791923,7329,8605
2011,VA,20111,15285,5895,918983,6843,164595,6363,31716,12242,587574,5548,6264
2011,VA,20112,12171,6398,1194864,7339,236080,6772,49548,10353,836264,4406,4919
2011,VA,20115,2378,1126,218067,1157,37779,1050,9485,1975,156027,783,931
2011,VA,20117,742,286,101547,339,21415,287,5067,566,74352,237,218
2011,VA,20119,1805,825,129443,823,24035,750,4324,1470,86271,553,620
2011,VA,20120,19556,8816,1758172,10464,310180,9828,71841,16473,1249730,7147,8300
2011,VA,20121,13389,5121,913428,6500,156731,6114,32423,11231,620642,4877,5631
2011,VA,20124,7009,3795,1079636,4454,186914,4153,51472,5943,828303,2615,2919
2011,VA,20129,289,143,42804,172,9031,159,2138,243,31110,94,121
2011,VA,20130,111,60,9038,47,1314,46,325,92,6336,32,24
2011,VA,20132,6161,3358,707568,3809,143956,3550,32248,5241,499890,2358,3088
2011,VA,20135,1262,590,109993,693,20832,625,4452,1079,76737,407,395
2011,VA,20136,11500,6417,1104769,7636,227144,7185,46590,10157,749970,5240,7122
2011,VA,20137,938,468,87564,548,16558,499,3563,794,62438,293,290
2011,VA,20141,2393,1435,286343,1611,58062,1511,13336,2083,203044,998,1333
2011,VA,20143,553,272,59993,321,12042,291,2567,475,42634,195,180
2011,VA,20144,430,217,65149,244,14631,217,2699,359,46708,152,168
2011,VA,20147,25641,12390,2670524,14992,480506,14068,112627,22267,1923212,10030,11670
2011,VA,20148,13645,8290,1849259,9326,346101,8980,85165,12384,1348121,6002,6760
2011,VA,20151,10228,4644,886628,5182,155094,4848,37298,8361,625636,3747,4410
2011,VA,20152,11248,6523,1333754,7557,262893,7211,59360,9985,945979,4949,6677
2011,VA,20155,14135,7474,1351653,8872,273617,8159,54543,12299,934346,5543,6886
2011,VA,20158,1711,956,208297,1089,41982,1003,9424,1471,149365,634,607
2011,VA,20164,19689,7022,1110660,9122,200378,8506,37208,15961,708367,6951,7642
2011,VA,20165,15593,7452,1657559,9602,302603,8977,72110,13561,1203016,6046,6838
2011,VA,20166,4810,1791,357242,2227,58307,2101,12874,4107,247841,1714,2230
2011,VA,20169,9656,5663,1177542,6632,236514,6159,52109,8505,843629,3665,4606
2011,VA,20170,20464,8174,1641424,10045,275701,9342,63915,16745,1156966,7193,7719
2011,VA,20171,22397,11017,2669894,12414,411053,11629,112977,19607,2023895,8784,10187
2011,VA,20175,13105,6246,1409052,7664,269031,7161,63218,11295,1007901,4684,5551
2011,VA,20176,20958,10093,2338560,11874,431877,10989,101068,17670,1687435,8063,9533
2011,VA,20180,3106,1655,314746,1896,61920,1762,13681,2684,221561,1128,1291
2011,VA,20181,3950,2020,360493,2206,70948,2023,14760,3308,249659,1329,1576
2011,VA,20184,220,93,27685,87,4647,73,1338,178,20747,65,65
2011,VA,20186,6720,2724,527032,3218,91445,2929,20034,5573,368081,2252,3000
2011,VA,20187,7248,3848,689461,4299,130852,3992,30199,6183,485697,2566,3019
2011,VA,20190,9336,2931,882809,4853,136794,4427,36243,8100,664024,2821,3009
2011,VA,20191,14841,5702,1416319,8223,233233,7584,56195,12787,1044384,5196,5719
2011,VA,20194,6633,2832,928676,4225,149551,3953,43186,5966,721595,2391,2782
2011,VA,20197,862,505,155175,579,35713,523,6857,740,111261,297,298
2011,VA,20198,921,379,121863,417,27831,354,4525,759,85245,272,542
2011,VA,22003,27328,10906,2056514,13015,352715,11847,77003,21954,1432117,9486,9269
2011,VA,22015,20709,9938,1853522,11756,325898,10708,72304,17743,1320783,8067,9098
2011,VA,22025,8315,3832,741452,4997,135629,4596,28034,7239,523417,3135,3712
2011,VA,22026,6953,2232,392081,3013,75722,2805,12910,5479,240570,2709,3425
2011,VA,22027,1016,547,180769,686,30584,639,8873,863,140841,431,385
2011,VA,22030,24555,10024,2215398,12336,376667,11223,86778,20968,1601728,8368,9337
2011,VA,22031,15098,5639,1261537,6914,195759,6218,46507,12707,918165,5042,5205
2011,VA,22032,13868,6988,1352717,8097,241112,7426,55359,11744,976075,5326,5458
2011,VA,22033,19099,7695,1788942,10048,296579,9317,71336,16755,1308804,6540,7437
2011,VA,22039,8981,5318,1618379,5953,286460,5489,77918,7714,1249336,3511,4153
2011,VA,22041,13625,3997,829765,5589,138463,5038,27599,10310,556695,4105,3863
2011,VA,22042,17332,6074,1203774,7895,200565,7256,42968,14108,832696,5563,5516
2011,VA,22043,12181,4628,1106932,5930,175411,5428,43587,10447,812352,4205,4095
2011,VA,22044,6647,2182,526416,2719,80957,2472,19759,5107,379107,2117,2105
2011,VA,22046,8117,3443,973846,4580,168826,4228,42450,7035,727894,3036,4179
2011,VA,22060,3331,2006,209312,939,26599,682,3603,2826,128944,1901,2617
2011,VA,22066,8085,4681,2501896,5552,389756,5044,134188,6884,2044414,3283,7737
2011,VA,22079,15244,6290,1259710,8098,243118,7429,47795,12765,859069,5807,6775
2011,VA,22101,13786,7173,4146861,9407,756420,8472,225126,12016,3274269,5891,21100
2011,VA,22102,11591,4596,2994311,6365,446311,5670,154503,10221,2448427,4081,12638
2011,VA,22124,8400,4359,1806087,5648,275001,5223,92960,7368,1457993,3320,6754
2011,VA,22134,2087,1013,83479,237,4656,144,609,1841,46113,1104,1277
2011,VA,22150,14229,5032,881762,6108,151688,5480,27325,11240,586854,4871,4731
2011,VA,22151,8826,3700,633233,4528,111517,4052,22944,7197,433323,3134,3234
2011,VA,22152,13981,6360,1218606,7896,218568,7201,50288,12095,864068,5326,5901
2011,VA,22153,15185,7508,1425637,8946,254202,8187,56230,13030,1019719,5877,6507
2011,VA,22172,4428,1436,252411,1672,47297,1529,8156,3535,155887,1555,1860
2011,VA,22180,11716,5307,1277282,6669,218575,6050,53307,10138,945505,4317,4332
2011,VA,22181,7021,3545,1032382,4310,172417,3991,47940,6121,792916,2746,3746
2011,VA,22182,11743,6314,2306875,7601,380827,7023,110601,10121,1816639,4599,6772
2011,VA,22191,30371,9791,1720519,13475,319398,12362,54067,24562,1074875,11404,13826
2011,VA,22192,27017,10648,2068291,14339,375511,13194,76114,23048,1420862,10242,12212
2011,VA,22193,35501,13441,2141664,17338,411539,16115,73779,28831,1352775,13579,16816
2011,VA,22201,21133,4264,2236097,8862,267164,8311,87017,19755,1793203,5494,4928
2011,VA,22202,13443,3069,1267203,5571,149281,5019,42632,12576,1004880,3395,3050
2011,VA,22203,12668,2667,1060385,5014,127807,4616,36115,11281,822976,3361,3329
2011,VA,22204,27573,6774,1678744,10607,234968,9881,51117,23181,1176663,8023,7331
2011,VA,22205,8525,3747,1049775,4996,179047,4642,46344,7574,791931,3216,2775
2011,VA,22206,12484,2911,999586,5917,132506,5531,33940,11361,758459,3452,2749
2011,VA,22207,15000,6964,2797777,9527,472826,8802,138370,13362,2191207,5940,8049
2011,VA,22209,7540,1323,913605,2754,94595,2495,33120,6841,717969,2028,2345
2011,VA,22211,492,77,19311,42,860,23,82,463,12957,227,147
2011,VA,22213,1677,692,226364,1014,37083,937,9932,1543,174129,594,530
2011,VA,22301,5974,2339,743871,3480,123671,3271,33118,5416,566616,2147,2638
2011,VA,22302,9849,2876,1055786,5285,163364,4812,44789,8753,808735,2930,3577
2011,VA,22303,8560,2219,566047,3737,82003,3373,16849,7520,405108,2539,2268
2011,VA,22304,25475,6264,1917959,11183,292860,10291,72418,21998,1390225,7666,8609
2011,VA,22305,8212,2078,589067,3548,91316,3327,20854,6861,418454,2605,2804
2011,VA,22306,15875,4675,915359,6228,150399,5717,29392,12547,595802,5606,5861
2011,VA,22307,5387,2079,678991,3313,116455,3015,30289,4813,516346,1839,1786
2011,VA,22308,5842,3365,892021,4129,162265,3698,42151,5204,672791,2522,2396
2011,VA,22309,16042,5304,1204232,7604,213277,6948,45592,12953,829361,5770,6178
2011,VA,22310,15254,5678,1261888,8263,225680,7588,47862,13026,893966,5027,4945
2011,VA,22311,10275,2331,611433,3645,85623,3337,16998,8438,426731,3140,2845
2011,VA,22312,15897,4688,1000131,6923,165811,6374,34923,12685,680033,5299,5123
2011,VA,22314,17825,5227,2259516,9623,351030,8723,96731,16245,1765971,5289,5655
2011,VA,22315,13983,5671,1317359,8392,231972,7665,51113,12550,953409,5187,5292
2011,VA,22401,11192,3105,687481,3604,98367,3224,20621,8770,471963,3408,3474
2011,VA,22405,13486,6209,960156,6544,163562,5987,34162,11162,650090,4909,5959
2011,VA,22406,9977,4568,728413,4892,133548,4318,24992,8253,487472,3629,4310
2011,VA,22407,25909,10965,1603360,12136,283954,10965,53773,20951,1041489,9311,11509
2011,VA,22408,12449,5344,803054,5892,140601,5432,28294,10084,527957,4557,5515
2011,VA,22427,1530,613,71892,507,10473,451,1798,1171,44096,427,446
2011,VA,22432,412,167,18356,124,3137,106,398,295,10531,117,87
2011,VA,22433,113,61,5292,43,895,40,167,86,3045,40,44
2011,VA,22435,1108,446,43725,272,5527,224,796,737,24374,298,236
2011,VA,22436,368,120,14991,98,2008,85,338,261,8321,102,106
2011,VA,22437,267,92,10273,94,1665,83,241,199,5702,61,45
2011,VA,22438,226,90,11902,70,2499,59,194,167,5519,71,73
2011,VA,22443,3754,1451,181812,1379,28504,1207,5046,2806,113676,950,949
2011,VA,22448,815,349,56229,319,7278,293,1798,728,39308,352,342
2011,VA,22454,753,301,31089,222,4465,194,718,534,18272,202,203
2011,VA,22460,732,281,28504,195,3796,168,511,544,16131,214,182
2011,VA,22469,859,253,36165,259,5598,227,926,588,20814,225,211
2011,VA,22473,2055,894,105064,756,18354,644,2565,1520,65071,558,421
2011,VA,22476,158,54,6144,38,738,31,98,110,3500,41,40
2011,VA,22480,645,292,52631,411,13196,295,1657,529,35010,212,113
2011,VA,22482,1674,626,91306,588,13786,480,2515,1240,60489,436,317
2011,VA,22485,9801,4492,653880,4736,112047,4337,22992,8080,434528,3522,4487
2011,VA,22488,696,278,27657,192,4444,154,707,411,15060,152,99
2011,VA,22503,1558,626,77079,515,12422,431,2182,1123,47748,450,344
2011,VA,22504,141,50,5611,43,792,41,148,107,3305,39,19
2011,VA,22508,6086,3030,388538,3044,68669,2651,11789,5070,255240,2012,2352
2011,VA,22511,649,318,31445,188,4460,153,647,436,19406,159,130
2011,VA,22514,1043,433,46973,342,6861,310,1191,806,28130,302,312
2011,VA,22520,2455,1023,117453,825,17844,713,2955,1818,71541,679,653
2011,VA,22534,1270,563,61187,502,10356,465,1787,979,36611,401,501
2011,VA,22535,306,124,19996,121,2920,110,527,232,13710,83,64
2011,VA,22538,133,54,5357,27,481,26,97,105,3141,41,36
2011,VA,22539,1011,534,61500,432,9886,341,1655,763,41355,257,168
2011,VA,22542,848,381,41864,343,7014,313,1286,649,25512,276,329
2011,VA,22546,7142,2785,363015,3059,60138,2807,10670,5824,224600,2544,3110
2011,VA,22551,8232,3926,580775,3749,96712,3436,18714,6596,394205,2760,3216
2011,VA,22553,7020,3383,515666,3500,92629,3154,18631,5840,347534,2557,3256
2011,VA,22554,22461,10665,1767252,11740,322591,10538,65034,18909,1196264,9225,11851
2011,VA,22556,11629,5444,867352,5879,162102,5373,32248,9614,576908,4413,5602
2011,VA,22560,3290,1112,150492,1016,21562,899,3736,2424,92450,1016,1003
2011,VA,22567,1298,629,65573,488,10662,429,1803,1003,39943,387,463
2011,VA,22572,2519,996,109022,779,14830,674,2633,1864,64676,799,821
2011,VA,22576,704,282,38104,261,7592,222,1091,492,23570,199,180
2011,VA,22578,1155,527,78031,484,13594,410,2403,879,53479,344,347
2011,VA,22580,2137,845,97262,705,14961,638,2618,1611,58411,596,667
2011,VA,22601,12709,4099,698402,3786,90371,3388,22323,9562,468766,3801,3627
2011,VA,22602,12911,5894,828229,5451,125811,5004,29034,10394,558288,4571,5499
2011,VA,22603,6580,2893,374678,2346,58844,2055,11435,5076,243221,1977,2112
2011,VA,22610,866,424,49091,360,9165,319,1482,669,30918,273,255
2011,VA,22611,4090,1830,287509,1832,47727,1643,10423,3341,196256,1275,1481
2011,VA,22620,1020,479,75358,473,13612,414,2883,850,51179,342,399
2011,VA,22623,252,118,11673,81,1478,72,263,196,7113,90,98
2011,VA,22624,1200,599,69215,485,11038,442,2144,947,44976,391,432
2011,VA,22625,1559,857,97259,730,16450,678,3180,1274,62928,569,706
2011,VA,22627,406,175,30139,185,5200,158,981,326,20993,115,128
2011,VA,22630,13999,5614,730036,5229,112229,4628,20953,10843,465348,4175,4843
2011,VA,22637,994,487,48514,353,7366,319,1307,765,29811,288,334
2011,VA,22639,312,147,42817,172,8563,151,1730,263,31420,105,121
2011,VA,22640,152,75,12127,79,2272,70,465,127,8338,46,36
2011,VA,22641,123,55,5479,43,720,37,119,97,3340,36,32
2011,VA,22642,2029,917,127293,1058,21757,960,4343,1704,84855,656,809
2011,VA,22643,175,92,21922,99,4093,85,677,151,16195,61,41
2011,VA,22644,1015,484,54147,388,7797,351,1395,815,35004,342,355
2011,VA,22645,1778,804,102752,673,16154,619,3318,1417,67059,555,603
2011,VA,22650,425,208,17881,118,2157,105,381,325,10732,124,153
2011,VA,22652,643,309,33864,268,5385,229,929,505,21269,188,190
2011,VA,22654,361,183,22119,148,3501,137,675,300,14385,112,117
2011,VA,22655,9269,4063,514710,3749,78326,3436,16163,7492,331906,3311,4255
2011,VA,22656,1335,610,72940,493,10719,457,2207,1071,47312,411,429
2011,VA,22657,5137,2121,246454,1741,33055,1530,6133,4061,154616,1633,1896
2011,VA,22660,813,366,37021,240,4549,214,786,628,22638,275,272
2011,VA,22663,698,293,36817,227,6091,198,1212,507,22666,196,202
2011,VA,22664,4146,1702,190326,1323,25504,1146,4636,3155,117489,1275,1291
2011,VA,22701,14509,5866,756064,5441,124499,4840,22013,11130,464070,4935,5749
2011,VA,22709,410,200,19389,129,2897,108,505,304,11816,125,128
2011,VA,22712,4250,1729,236031,1802,39250,1700,7480,3473,149180,1576,2037
2011,VA,22713,564,286,37373,267,7361,246,1470,440,24141,176,187
2011,VA,22714,508,222,30348,201,6514,184,945,399,18239,176,236
2011,VA,22715,515,267,27293,182,3628,162,692,402,17696,169,188
2011,VA,22716,406,188,25175,169,4275,138,775,310,16715,114,121
2011,VA,22718,309,132,16026,111,2433,100,465,246,10153,78,73
2011,VA,22719,145,72,7682,43,806,38,182,113,5105,40,20
2011,VA,22720,420,220,27180,214,5015,194,932,341,18020,121,123
2011,VA,22724,1059,601,86965,603,16590,545,3371,875,59279,352,382
2011,VA,22726,336,157,18386,156,3335,133,608,255,11437,100,109
2011,VA,22727,2353,1137,133620,827,19015,731,3921,1868,86912,832,979
2011,VA,22728,1443,680,91756,634,16338,594,3179,1188,60063,448,541
2011,VA,22731,122,54,4882,40,653,32,110,91,2794,37,59
2011,VA,22732,123,59,6592,49,962,41,153,105,4142,42,38
2011,VA,22733,592,277,34938,212,5530,173,835,448,22545,189,272
2011,VA,22734,1410,576,73684,552,11538,510,2167,1121,45953,499,636
2011,VA,22735,910,426,47498,341,7433,300,1302,710,29785,304,332
2011,VA,22736,227,112,12707,99,2120,86,380,180,7954,78,85
2011,VA,22737,1346,650,75237,595,13427,533,2405,1056,47296,442,537
2011,VA,22738,434,210,22594,163,2968,140,524,352,13458,155,161
2011,VA,22740,648,301,46246,265,7931,224,1482,482,28584,183,188
2011,VA,22742,844,403,52157,414,9180,379,1731,703,34332,251,283
2011,VA,22743,99,42,6000,24,494,0.0001,0.0001,73,3501,27,14
2011,VA,22747,604,264,49380,272,8725,231,1563,502,34848,201,204
2011,VA,22749,140,76,17325,63,2279,57,662,107,13576,41,125
2011,VA,22801,13033,4816,683953,4549,103804,3948,19964,9931,439921,4552,4458
2011,VA,22802,11500,4110,472228,3207,64159,2769,10294,8516,274913,3821,3567
2011,VA,22810,498,238,31210,230,4747,192,858,407,21640,125,74
2011,VA,22811,228,126,8850,38,537,34,97,177,4990,71,65
2011,VA,22812,3739,1821,192925,1346,29791,1157,4827,3040,121482,1338,1406
2011,VA,22815,3864,1805,174199,1165,21546,1045,4156,3044,106148,1342,1476
2011,VA,22821,2610,1227,117050,697,13439,608,2324,2067,70230,893,985
2011,VA,22824,2772,1242,127741,871,17702,763,3122,2163,77730,894,864
2011,VA,22827,4740,2085,204402,1185,22088,1096,4265,3688,123424,1431,1516
2011,VA,22830,729,372,27349,132,2276,120,411,558,15277,242,248
2011,VA,22831,403,173,15259,93,1487,84,233,326,8733,134,117
2011,VA,22832,532,262,25780,153,2856,136,565,427,16380,187,197
2011,VA,22834,563,278,27233,177,3656,160,671,452,16884,182,205
2011,VA,22835,5242,2279,219449,1342,25853,1144,4328,3942,131955,1467,1472
2011,VA,22840,2087,1026,120840,856,18224,780,3669,1705,79063,734,819
2011,VA,22841,1334,649,82595,437,11320,391,3169,1079,55293,442,474
2011,VA,22842,2261,966,105111,633,11644,559,2030,1698,66177,718,688
2011,VA,22843,1031,539,46624,266,4917,229,833,797,28129,338,384
2011,VA,22844,2019,905,91383,631,12595,553,2085,1508,55618,618,605
2011,VA,22846,873,467,57270,406,9607,360,1783,714,37815,326,379
2011,VA,22847,432,195,17492,132,2246,123,377,327,10193,117,120
2011,VA,22849,2189,968,88605,543,9359,491,1715,1664,51338,637,691
2011,VA,22850,422,223,21509,107,2036,105,460,340,13936,143,164
2011,VA,22851,2448,1058,87665,520,9528,456,1524,1751,47836,714,708
2011,VA,22853,2033,912,78451,470,8575,432,1419,1552,44375,660,648
2011,VA,22901,16332,6036,1436870,6520,238977,5777,55343,13198,1028256,5813,6809
2011,VA,22902,10581,3089,691295,3572,108992,3197,22032,8357,472276,3225,3826
2011,VA,22903,14504,4349,1188587,5022,166635,4173,39932,11651,881643,4693,7073
2011,VA,22911,7771,3522,631857,3729,103626,3337,22046,6477,445789,3025,3754
2011,VA,22920,1896,875,115155,655,16685,588,3377,1484,76948,590,628
2011,VA,22922,789,320,31301,194,3803,176,607,580,17639,220,238
2011,VA,22923,2388,1175,144894,1003,22009,910,4546,1944,95549,864,1076
2011,VA,22931,224,87,10246,59,1032,56,253,178,6359,68,54
2011,VA,22932,3383,1690,265289,1596,42426,1455,9869,2802,185197,1317,1680
2011,VA,22935,419,187,18400,101,1914,90,319,324,10570,122,132
2011,VA,22936,2581,1303,237539,1323,40956,1167,9281,2092,170899,937,1234
2011,VA,22937,586,194,23991,189,3631,169,592,449,13746,176,146
2011,VA,22938,608,247,29019,194,3746,162,725,465,18536,177,178
2011,VA,22939,2473,1244,151424,1042,22064,933,4646,2033,101147,878,1016
2011,VA,22940,583,290,58659,246,9259,216,2459,470,43359,192,258
2011,VA,22942,3625,1564,191414,1354,28216,1184,5175,2888,122940,1186,1264
2011,VA,22943,307,118,20610,99,3370,79,553,235,13883,94,117
2011,VA,22946,128,54,6120,46,664,43,127,98,3971,39,39
2011,VA,22947,2361,1207,386266,1243,88208,1105,16564,1940,275664,878,1349
2011,VA,22948,113,53,5530,43,979,41,140,86,3406,32,25
2011,VA,22949,699,293,33896,228,4490,194,842,535,21341,197,175
2011,VA,22952,1003,473,43516,290,5546,259,991,751,26279,276,250
2011,VA,22958,968,513,77574,505,14002,431,2840,783,54775,295,176
2011,VA,22959,821,349,52481,314,8507,263,1468,633,35401,273,254
2011,VA,22960,4555,1811,219579,1434,32266,1233,5314,3478,135358,1390,1623
2011,VA,22963,6988,3477,418682,3308,66717,2950,12328,5852,274840,2563,3144
2011,VA,22964,143,55,6367,35,629,31,111,107,3606,42,32
2011,VA,22967,1007,444,52242,283,6490,249,1323,754,33859,280,275
2011,VA,22968,4444,2092,246607,1814,38142,1674,7604,3553,157385,1582,1909
2011,VA,22969,564,251,22633,148,2502,129,447,433,13251,157,177
2011,VA,22971,697,299,29225,192,3398,166,624,518,17426,180,194
2011,VA,22972,217,96,16266,73,3354,63,424,167,8495,74,118
2011,VA,22973,2735,1177,136027,892,18292,808,3429,2132,86435,815,907
2011,VA,22974,1931,898,125116,830,21055,764,3745,1588,83357,675,775
2011,VA,22976,109,52,3480,0.0001,0.0001,0.0001,0.0001,76,1646,43,25
2011,VA,22980,14813,5997,672072,4405,82256,3948,15593,11352,416867,4621,4699
2011,VA,23002,4745,2137,220300,1617,32143,1484,5403,3656,132868,1443,1604
2011,VA,23004,438,144,13794,87,1420,79,211,305,7058,117,76
2011,VA,23005,7435,2822,452295,2758,64147,2510,14553,5882,310265,2383,2354
2011,VA,23009,3053,1458,163734,1440,28016,1335,5007,2516,102527,1105,1402
2011,VA,23011,547,252,35169,236,5346,217,1137,440,24048,157,171
2011,VA,23015,2036,1013,130802,937,21436,849,4407,1660,87100,669,833
2011,VA,23022,367,110,12608,80,1241,68,170,264,6867,100,91
2011,VA,23023,155,72,7360,51,1013,45,188,111,4021,39,25
2011,VA,23024,3515,1723,209322,1628,36027,1478,6845,2864,136074,1130,1251
2011,VA,23025,106,50,5789,39,959,30,121,88,3623,39,20
2011,VA,23027,576,250,23610,182,3337,163,540,436,13455,176,205
2011,VA,23030,2377,834,112633,752,16661,683,2851,1889,70042,704,656
2011,VA,23032,140,50,5287,42,719,37,119,107,3012,39,32
2011,VA,23035,614,301,34231,224,5001,197,813,494,22215,207,201
2011,VA,23038,816,330,36034,276,5259,249,975,613,21615,241,256
2011,VA,23039,491,234,67454,267,10745,239,2885,408,49334,176,228
2011,VA,23040,1939,739,71673,520,9131,465,1430,1406,39335,592,553
2011,VA,23043,853,403,49725,335,8607,280,1531,627,32339,207,135
2011,VA,23047,1115,483,63236,421,10117,369,2190,864,41397,317,321
2011,VA,23050,359,189,19083,146,2908,129,512,287,12083,122,108
2011,VA,23055,513,226,25779,155,3376,131,565,390,16029,167,188
2011,VA,23056,161,84,8468,54,1094,46,241,124,5308,47,41
2011,VA,23059,13981,7397,1509828,8230,245979,7629,65903,12013,1115418,5719,7310
2011,VA,23060,17132,7417,1149692,8816,185952,8142,40720,14589,788244,6501,7580
2011,VA,23061,9256,4427,497144,3803,79749,3391,13999,7408,316291,3172,3779
2011,VA,23062,1428,559,74997,515,10672,443,1863,1181,49476,423,383
2011,VA,23063,2184,942,128945,902,20471,830,3950,1721,83256,685,758
2011,VA,23065,763,359,42189,333,6414,316,1251,622,27538,251,278
2011,VA,23068,136,74,7485,66,1525,56,186,112,4602,40,36
2011,VA,23069,1453,617,86276,567,13181,506,2526,1138,51613,432,465
2011,VA,23070,218,125,13235,99,2032,86,343,168,8948,55,39
2011,VA,23071,726,353,44207,286,7068,252,1520,570,29375,216,204
2011,VA,23072,4782,2137,252290,1799,37490,1594,7029,3807,161666,1539,1677
2011,VA,23075,4733,1088,163651,1331,20571,1234,3102,3596,90475,1429,1466
2011,VA,23076,304,145,16057,103,2028,88,393,242,9772,112,97
2011,VA,23079,125,56,5078,42,616,37,76,97,3010,38,34
2011,VA,23083,873,381,35311,258,4531,238,802,641,20335,251,302
2011,VA,23084,813,377,44264,333,6907,297,1316,657,28415,253,277
2011,VA,23085,208,72,9643,64,1282,52,210,160,6145,55,40
2011,VA,23086,1407,662,71428,628,12461,579,2142,1144,43986,474,562
2011,VA,23089,2369,1121,136031,962,20949,858,4216,1903,89554,734,743
2011,VA,23091,127,59,5619,51,878,44,144,99,3381,37,40
2011,VA,23092,256,104,13963,77,1749,70,341,202,9308,74,71
2011,VA,23093,5617,2312,273611,1959,41191,1786,7464,4365,168813,1762,1949
2011,VA,23102,1195,631,104419,611,17460,566,4210,1026,74298,435,499
2011,VA,23103,2568,1483,487729,1554,77513,1387,25287,2194,387222,1001,1637
2011,VA,23106,481,208,23436,196,3837,177,627,378,14192,144,162
2011,VA,23109,1061,483,57722,394,9318,335,1564,805,37198,326,342
2011,VA,23110,332,138,17167,122,2376,108,471,265,11159,82,71
2011,VA,23111,17560,7990,1056736,8369,174095,7617,34876,14602,697762,6351,8029
2011,VA,23112,22641,10225,1519606,11737,253012,10813,54022,19145,1030543,8943,11572
2011,VA,23113,11605,6279,1510872,6960,244037,6347,69556,9770,1154677,4400,4662
2011,VA,23114,8742,4431,674735,5046,115201,4645,26043,7466,468752,3609,4624
2011,VA,23116,13245,7022,1065126,7324,179728,6830,42915,11161,747091,5296,6376
2011,VA,23117,4247,1948,267275,1781,43313,1580,7492,3401,161577,1219,1217
2011,VA,23119,146,79,8508,69,1322,65,236,129,5652,46,25
2011,VA,23120,3023,1821,302040,1867,55554,1766,12945,2581,212691,1273,1596
2011,VA,23123,774,268,27550,158,2786,139,469,565,15044,212,190
2011,VA,23124,1551,797,95057,754,15568,696,3134,1313,62605,519,684
2011,VA,23126,214,79,8534,70,1347,59,185,167,4646,64,54
2011,VA,23128,617,268,40151,242,6702,211,1309,468,26955,185,184
2011,VA,23129,211,107,20087,107,3535,99,904,169,14568,63,40
2011,VA,23138,423,226,22411,152,3576,124,573,321,14084,117,104
2011,VA,23139,11168,5702,725570,5528,122530,4995,25546,9189,483362,3949,4863
2011,VA,23140,2655,1286,177633,1248,30458,1139,6166,2178,119385,809,892
2011,VA,23141,3262,1588,224831,1665,36797,1536,8188,2729,154460,1169,1805
2011,VA,23146,1495,769,121373,737,18875,671,4547,1231,87154,515,556
2011,VA,23148,727,265,29674,212,3609,181,590,560,17611,215,221
2011,VA,23149,1275,543,53511,360,6920,316,1137,943,31764,359,332
2011,VA,23150,6171,2232,290101,2346,42769,2158,8138,4973,181228,1879,2013
2011,VA,23153,671,367,52348,383,9221,362,2109,573,35948,236,279
2011,VA,23156,721,293,31387,213,3809,193,731,551,19108,192,195
2011,VA,23168,3369,1580,230472,1585,39102,1454,7950,2783,155859,1217,1348
2011,VA,23169,535,221,23308,170,3681,143,509,374,13996,112,94
2011,VA,23175,1062,462,58403,369,8417,316,1680,784,38587,283,227
2011,VA,23176,274,125,13236,96,1886,81,299,199,8318,75,69
2011,VA,23177,352,135,18027,120,2287,110,504,289,11725,101,96
2011,VA,23180,152,65,6214,50,860,43,117,113,3647,32,26
2011,VA,23181,2711,1118,133822,968,19074,870,3484,2138,82472,923,1045
2011,VA,23185,21214,9255,1654281,9450,279240,8090,62504,17027,1166928,7601,8385
2011,VA,23188,19496,9354,1386725,9529,238298,8214,45143,16003,950502,6846,6796
2011,VA,23192,3096,1565,220757,1465,36587,1339,8066,2518,151380,1061,1158
2011,VA,23219,1478,147,538663,366,50946,300,8812,1076,452130,316,4215
2011,VA,23220,13366,1839,687426,3423,89050,2941,23022,10025,486109,3264,3018
2011,VA,23221,8098,2012,722533,3230,115685,2909,30592,7105,537252,2385,2523
2011,VA,23222,11466,1619,328693,2520,39500,2278,6067,7601,168736,3015,2513
2011,VA,23223,22536,3429,772451,6055,106444,5570,17503,15864,438650,6364,6151
2011,VA,23224,15615,1979,404134,2678,41481,2410,5745,9611,183150,4505,3792
2011,VA,23225,19312,4119,873533,6075,119179,5474,24724,14711,556610,5925,5448
2011,VA,23226,8553,3117,1083085,4432,189279,3989,46817,7364,818933,3114,4798
2011,VA,23227,12669,3213,636000,4997,114002,4338,19048,9729,402069,3763,3303
2011,VA,23228,17688,4308,697536,5597,91436,5076,15856,13906,421462,5312,5037
2011,VA,23229,16120,6865,1560553,7403,235992,6632,64325,13045,1159814,6029,7536
2011,VA,23230,3260,813,164455,1123,24750,993,4733,2538,109455,867,720
2011,VA,23231,16989,4943,769778,6419,123365,5975,21762,13172,467575,5685,6223
2011,VA,23233,13954,6634,1311789,7604,207371,6960,53359,11919,963641,5522,6551
2011,VA,23234,19824,4803,720814,6077,105852,5567,15944,14205,390445,6466,6421
2011,VA,23235,16187,6124,1050110,7333,155383,6566,33352,13431,731665,5517,6215
2011,VA,23236,13443,5828,840363,6537,136078,5941,27658,11148,565317,4855,5482
2011,VA,23237,10276,3585,442961,3624,63438,3378,11263,7842,262722,3392,3771
2011,VA,23238,12656,5164,1178226,6142,182717,5394,47480,10574,873788,4633,5259
2011,VA,23294,9136,2772,465255,2450,46472,2184,11188,7427,316532,2952,3610
2011,VA,23301,907,263,34279,221,4646,181,654,640,18984,275,235
2011,VA,23303,486,188,19656,124,2116,110,410,377,11590,135,123
2011,VA,23306,542,222,26523,181,3958,144,585,403,16620,175,165
2011,VA,23307,215,49,5916,46,747,38,81,139,2617,63,45
2011,VA,23308,723,275,24528,120,1890,102,288,482,12651,221,180
2011,VA,23310,1281,499,62328,409,10167,335,1665,905,38667,324,310
2011,VA,23314,3666,1872,255833,1903,46066,1637,8263,3133,170266,1410,1698
2011,VA,23315,664,306,32481,244,4341,220,822,533,20576,227,260
2011,VA,23320,26471,9962,1498265,11578,260995,10028,45090,21847,963344,9571,10890
2011,VA,23321,16437,7017,996215,7694,176246,6713,31902,13335,644948,6180,7577
2011,VA,23322,27224,14236,2034288,14532,377188,12887,73548,22676,1369927,10802,13922
2011,VA,23323,16746,6975,868938,7241,160865,6207,24865,13298,521517,6473,7827
2011,VA,23324,10676,2290,318539,2471,42274,2100,5375,7087,155927,3184,2974
2011,VA,23325,8887,2868,373108,3119,60046,2677,8463,7033,217907,2978,3097
2011,VA,23336,1586,703,74258,422,8906,363,1876,1189,47274,366,338
2011,VA,23337,203,96,9654,55,965,46,195,167,6230,67,59
2011,VA,23350,1362,405,48575,289,5888,247,1208,903,26965,357,265
2011,VA,23354,205,82,12844,68,2078,59,405,160,8486,65,56
2011,VA,23356,616,322,32295,221,4245,191,786,486,21073,141,161
2011,VA,23357,368,115,9953,40,484,33,72,166,3451,84,46
2011,VA,23359,223,83,7846,40,580,36,112,143,4119,65,82
2011,VA,23395,310,90,8641,45,839,37,123,184,4295,62,32
2011,VA,23405,424,201,22728,163,3756,133,708,322,14263,112,91
2011,VA,23410,967,308,36789,232,4081,202,702,701,21179,309,288
2011,VA,23415,688,220,29066,117,2370,89,460,492,17490,207,165
2011,VA,23416,289,67,8616,45,764,38,113,186,4474,71,51
2011,VA,23417,1785,656,84890,584,12856,476,2085,1372,53478,513,476
2011,VA,23418,706,246,27093,180,3247,152,628,482,14959,229,194
2011,VA,23420,884,229,28105,206,3629,180,495,605,13693,287,215
2011,VA,23421,1931,697,65184,357,6329,292,921,1223,31451,582,486
2011,VA,23430,7927,3785,531005,3722,90471,3281,17540,6425,355908,2778,3230
2011,VA,23432,700,301,56778,324,9671,294,2117,562,40231,239,228
2011,VA,23433,638,373,69702,383,14342,347,2879,564,49011,232,247
2011,VA,23434,21098,7527,1025575,8197,180905,7108,28952,15888,615189,7548,8786
2011,VA,23435,12267,5725,871730,6527,168974,5649,30103,10211,573170,5033,6173
2011,VA,23436,404,225,41622,243,8165,216,1672,365,29432,151,148
2011,VA,23437,1914,851,95879,812,17269,723,2699,1518,57862,610,681
2011,VA,23438,791,372,41859,330,6753,294,1212,647,26328,267,312
2011,VA,23442,518,142,16190,97,1446,83,235,372,8215,158,123
2011,VA,23451,22609,7186,2083018,8989,334497,7591,77297,18338,1537343,7206,7971
2011,VA,23452,29233,10795,1719874,10380,249312,8965,54393,23569,1151539,10570,11509
2011,VA,23453,16717,6355,763880,6301,123473,5356,19311,13135,451465,6494,7404
2011,VA,23454,29145,11396,1995726,12271,323060,10422,68702,23584,1373482,10927,12488
2011,VA,23455,23330,9325,1513856,9382,233180,8013,47070,19386,1033102,8224,8414
2011,VA,23456,24249,12253,1701114,13060,325572,11113,58443,20135,1122028,9838,12740
2011,VA,23457,2163,1047,141764,1003,26945,885,5009,1769,92437,669,734
2011,VA,23462,30827,9141,1319108,9909,183299,8373,29849,24573,801067,11215,11469
2011,VA,23464,35783,14637,1868184,15141,307926,13059,51512,29422,1174850,13862,16005
2011,VA,23487,2848,1207,140161,938,18819,858,3503,2234,87905,955,1108
2011,VA,23488,117,30,2831,0.0001,0.0001,0.0001,0.0001,76,1198,30,27
2011,VA,23502,10064,2779,383900,2817,53732,2407,7554,7510,219370,3161,2979
2011,VA,23503,15285,4367,586334,3839,70842,3232,11218,11830,344982,4980,4372
2011,VA,23504,9114,1125,244620,1728,33146,1482,4307,5283,114821,2458,2167
2011,VA,23505,12808,3864,644151,3350,99076,2817,18627,9552,400667,4556,4289
2011,VA,23507,3133,980,276591,1302,42976,1139,9903,2739,205145,1100,938
2011,VA,23508,6992,2152,410974,2639,68294,2137,13338,5180,276192,2307,2324
2011,VA,23509,6289,1688,270098,1931,40028,1663,6945,4545,163128,2002,1844
2011,VA,23510,3124,595,223317,996,43677,805,7774,2334,152912,873,745
2011,VA,23511,1417,244,39325,111,1920,31,93,1247,20976,718,392
2011,VA,23513,14543,3303,457714,3520,57442,3017,7470,10380,236526,4639,4141
2011,VA,23517,2620,530,138835,720,16461,603,3628,2116,97808,729,628
2011,VA,23518,14631,4923,669708,4353,95171,3695,16394,11199,410408,4733,4289
2011,VA,23523,3341,382,77661,533,9197,449,945,1818,31962,794,663
2011,VA,23601,12193,3977,570869,4258,84278,3710,14313,9601,354063,4034,4248
2011,VA,23602,20017,6947,967208,7237,141400,6247,24775,15926,608477,6920,7348
2011,VA,23603,1641,646,71320,492,9782,426,1522,1304,40560,633,688
2011,VA,23604,1407,693,46083,110,2089,63,218,1070,21705,691,738
2011,VA,23605,6884,1565,216733,1509,23896,1311,3396,5026,115984,2130,1969
2011,VA,23606,13146,4250,765037,4407,113426,3814,23703,10214,513591,4314,4118
2011,VA,23607,9677,1308,257896,1570,25737,1356,3671,6019,127856,2408,2012
2011,VA,23608,21062,6627,847338,6548,120921,5600,18511,16174,489632,7573,7917
2011,VA,23651,161,74,11284,66,1286,48,202,137,8131,55,51
2011,VA,23661,6760,1852,274415,2292,42457,2044,6688,5080,161516,2045,2028
2011,VA,23662,5894,2995,451207,2871,73598,2562,15832,4900,314632,2165,2363
2011,VA,23663,6326,1629,216204,1597,26253,1360,3816,4573,119401,1928,1864
2011,VA,23664,4930,1882,289052,1972,44383,1726,8741,3992,192921,1607,1531
2011,VA,23665,1997,986,77812,169,3330,75,291,1757,41744,1068,1266
2011,VA,23666,25137,7932,1117378,8832,172329,7634,26490,20131,676584,8465,8721
2011,VA,23669,18879,6187,880509,6576,132418,5727,22087,14561,544227,6171,6457
2011,VA,23690,1422,491,61660,475,9406,401,1417,1041,36676,483,539
2011,VA,23691,209,31,4481,0.0001,0.0001,0.0001,0.0001,196,2086,89,49
2011,VA,23692,9455,4551,669971,4494,108909,4004,21908,7969,462918,3452,3753
2011,VA,23693,10790,5510,850817,5303,135087,4738,30316,9080,597174,4397,5267
2011,VA,23696,1741,948,134382,885,21868,793,4622,1470,93988,634,733
2011,VA,23701,12540,3438,476161,4136,74340,3567,10358,9646,270461,3828,3661
2011,VA,23702,5340,1269,163564,1173,17883,1013,2539,3785,82435,1682,1545
2011,VA,23703,12996,4437,662161,5538,113667,4810,18137,10491,412312,4786,5118
2011,VA,23704,8568,1434,274791,1950,37400,1652,5337,5734,148657,2336,1993
2011,VA,23707,6933,1736,269395,2025,37786,1760,6501,5075,156869,2189,2200
2011,VA,23801,1967,1036,72318,225,4101,104,338,1475,35173,1028,1495
2011,VA,23803,17632,4213,621865,4684,82544,4273,12595,12720,343094,5333,5150
2011,VA,23805,9683,2716,428940,3375,65033,2990,10726,7556,261858,3092,2946
2011,VA,23821,690,220,26329,172,2938,149,472,544,15033,215,195
2011,VA,23824,3139,1114,122840,758,13979,658,2375,2264,70419,954,901
2011,VA,23827,582,201,20578,155,2652,131,376,427,11153,183,169
2011,VA,23828,201,71,7473,54,910,51,153,155,4141,74,66
2011,VA,23829,552,210,22347,169,3161,146,444,430,12635,182,200
2011,VA,23830,733,354,42850,323,6728,309,1359,612,27994,248,305
2011,VA,23831,16348,6598,928517,7081,146263,6448,28624,13267,604467,5910,6948
2011,VA,23832,16167,7139,996978,8360,186872,7699,34630,13422,650922,6240,7883
2011,VA,23833,969,477,52003,387,7555,355,1461,791,33538,315,342
2011,VA,23834,12586,4612,606338,4493,87804,4026,16138,9841,380038,4135,4437
2011,VA,23836,5715,2603,416076,2675,65340,2457,14823,4784,289531,2123,2646
2011,VA,23837,1891,764,94782,684,14078,596,2516,1444,54817,609,699
2011,VA,23838,7248,4127,663437,4256,116178,3967,27081,6141,473147,2618,3026
2011,VA,23839,432,138,17150,119,2218,108,332,330,9914,134,118
2011,VA,23840,788,342,35045,284,4888,255,853,611,21025,237,281
2011,VA,23841,1682,677,80843,603,11643,558,2093,1343,50021,555,617
2011,VA,23842,3181,1566,188126,1444,28891,1338,5902,2683,123452,1113,1313
2011,VA,23843,257,107,11706,56,890,54,172,201,7318,88,76
2011,VA,23844,275,84,10205,84,1394,78,225,183,5806,75,64
2011,VA,23845,183,82,7839,55,1259,45,153,133,4523,41,28
2011,VA,23846,373,179,17791,135,2626,125,431,300,10825,125,155
2011,VA,23847,5742,1532,201577,1273,25936,1159,3931,3886,108793,1707,1619
2011,VA,23850,491,177,20416,143,2565,129,453,376,11847,144,131
2011,VA,23851,6059,2087,254572,1759,35556,1560,5984,4423,150137,1895,1916
2011,VA,23856,526,130,17605,110,1953,98,269,379,9088,170,178
2011,VA,23857,333,135,14796,106,1888,90,336,264,9235,82,56
2011,VA,23860,12565,3832,510167,3467,63711,3125,11060,9266,304022,3695,3751
2011,VA,23866,972,449,45883,340,6454,305,1185,753,28046,325,369
2011,VA,23867,1017,312,37157,239,4157,223,642,743,20615,343,339
2011,VA,23868,2099,577,76330,477,8940,423,1295,1481,41910,662,625
2011,VA,23872,1000,404,43144,306,5639,277,941,767,25431,315,301
2011,VA,23874,479,215,20143,129,2146,121,380,376,11983,158,181
2011,VA,23875,5331,2071,276840,1912,39859,1735,7343,4298,176735,1815,2010
2011,VA,23876,182,66,8017,43,745,37,127,145,5004,52,45
2011,VA,23878,544,250,23091,186,3208,166,523,423,13385,206,226
2011,VA,23879,341,134,13536,92,1762,84,228,265,7637,106,100
2011,VA,23881,829,327,40233,316,6148,280,1146,646,25113,240,246
2011,VA,23882,1101,378,45164,343,6245,306,1016,851,26293,330,317
2011,VA,23883,1159,430,55781,417,8578,378,1430,904,34898,362,385
2011,VA,23885,1376,630,78705,577,11802,530,2229,1132,51876,435,509
2011,VA,23887,199,93,10175,64,1230,52,243,156,6487,54,43
2011,VA,23888,1098,378,45426,311,5724,278,1049,795,27321,311,340
2011,VA,23889,275,79,9616,61,1032,53,152,197,5275,80,70
2011,VA,23890,1848,571,69825,503,10454,451,1456,1332,38379,564,577
2011,VA,23893,192,70,6501,35,458,31,79,139,3372,79,69
2011,VA,23894,271,136,13458,98,1805,93,312,223,8288,87,97
2011,VA,23897,271,103,11069,82,1511,73,249,201,6530,73,66
2011,VA,23898,1030,517,54204,431,8616,390,1617,831,34277,326,343
2011,VA,23901,5630,1941,237281,1517,30159,1337,5549,4129,143601,1713,1666
2011,VA,23915,333,140,12181,71,1174,65,203,251,6755,103,92
2011,VA,23917,1201,477,50840,301,6359,267,1108,912,30020,380,287
2011,VA,23919,1070,536,53719,373,8069,315,1479,803,33797,249,233
2011,VA,23920,1352,482,45781,285,5185,255,734,943,23756,460,434
2011,VA,23921,816,322,32577,197,3825,179,711,600,18732,226,227
2011,VA,23922,932,353,36594,221,4081,202,703,684,21582,270,247
2011,VA,23923,904,414,34270,197,3818,165,572,642,18731,257,274
2011,VA,23924,2498,863,84013,413,7479,351,1208,1718,45437,734,644
2011,VA,23927,1934,851,96500,650,13765,537,2528,1470,61089,535,440
2011,VA,23930,2412,932,99477,576,10957,499,2114,1730,58471,706,686
2011,VA,23934,258,145,10176,63,1092,55,188,184,5640,88,82
2011,VA,23936,2412,897,95805,587,10662,525,1926,1802,55519,722,717
2011,VA,23937,746,285,24012,109,1850,96,344,510,12688,201,208
2011,VA,23938,219,79,7840,50,855,41,108,160,4344,50,31
2011,VA,23942,458,193,16548,119,1915,103,290,336,9089,132,122
2011,VA,23944,1779,592,64872,359,7165,311,1048,1221,33953,509,460
2011,VA,23947,1809,742,68618,348,6655,304,1131,1298,39058,555,539
2011,VA,23950,1436,484,47063,269,4627,239,691,983,23450,460,419
2011,VA,23952,101,50,5069,27,427,26,90,81,2932,34,35
2011,VA,23954,820,299,26845,183,3145,154,418,576,13623,263,243
2011,VA,23958,1304,547,47686,315,5821,280,875,909,26085,378,356
2011,VA,23959,474,204,17646,87,1443,74,224,348,10227,127,121
2011,VA,23960,863,297,27800,192,3239,168,447,601,14248,262,243
2011,VA,23962,247,106,8741,47,710,42,121,176,4732,78,82
2011,VA,23963,195,82,6947,36,598,32,131,125,3819,58,54
2011,VA,23964,482,184,15470,80,1209,72,237,340,8190,139,126
2011,VA,23966,992,380,38314,279,4985,247,899,703,21799,283,308
2011,VA,23967,399,158,12987,58,996,56,134,275,6726,110,109
2011,VA,23968,359,129,11988,68,1139,58,196,241,6481,97,68
2011,VA,23970,3639,1202,148107,846,16975,756,3103,2569,88275,1116,993
2011,VA,23974,1615,570,56525,318,5401,281,910,1128,31442,463,422
2011,VA,23976,121,43,4276,21,264,0.0001,0.0001,81,2269,36,24
2011,VA,24011,205,44,14181,68,2015,55,421,183,10480,59,46
2011,VA,24012,13835,4287,521238,3741,64126,3316,11363,10020,301086,3926,3650
2011,VA,24013,3343,798,82835,333,4135,297,660,2113,38062,851,568
2011,VA,24014,8004,3162,573343,2925,85863,2552,20767,6401,404296,2566,2533
2011,VA,24015,7887,2547,378300,2775,50371,2522,10628,6399,246640,2585,2515
2011,VA,24016,3674,521,104093,453,7867,403,1627,2420,58178,860,615
2011,VA,24017,10754,2335,310865,2182,32772,1860,4619,7149,159631,2888,2367
2011,VA,24018,18677,8676,1427825,8676,216093,7563,52541,15349,1017198,6756,7849
2011,VA,24019,13067,5817,738296,5327,103654,4763,22627,10536,490309,4434,5366
2011,VA,24053,895,445,30447,176,3198,160,597,604,15925,254,223
2011,VA,24054,2576,1036,88946,457,8101,418,1491,1731,46563,779,768
2011,VA,24055,4941,2129,163343,741,13420,657,2284,3274,86243,1406,1246
2011,VA,24059,456,239,27209,170,3488,150,762,378,17876,146,157
2011,VA,24060,15343,5516,882425,5620,118370,4422,27347,12145,613557,4992,5580
2011,VA,24064,2326,1235,130130,887,18381,813,3904,1873,84554,779,928
2011,VA,24065,2769,1372,137978,926,18481,810,3597,2186,87210,833,853
2011,VA,24066,2208,1053,106494,675,12706,613,2437,1724,67983,686,735
2011,VA,24067,938,487,40722,245,4687,218,883,721,23776,311,341
2011,VA,24069,781,313,27985,161,2865,139,467,525,15070,225,221
2011,VA,24070,680,355,36224,250,5022,227,992,559,23346,221,219
2011,VA,24072,537,269,24450,152,2655,134,513,420,15051,168,195
2011,VA,24073,13356,5606,646563,4210,79683,3855,16495,10640,413959,4426,5066
2011,VA,24076,430,209,15985,90,1796,84,338,281,8875,116,112
2011,VA,24077,560,239,27238,208,3512,192,712,466,17419,204,216
2011,VA,24078,3150,1196,114010,592,10638,540,2033,2158,63695,923,843
2011,VA,24079,736,362,29898,167,3031,143,543,544,17630,221,246
2011,VA,24082,228,94,6899,39,545,34,77,159,3489,57,53
2011,VA,24083,1642,902,141007,906,23177,782,5103,1405,101009,580,555
2011,VA,24084,4730,2111,207983,1131,19444,1044,4024,3678,130096,1367,1500
2011,VA,24085,896,450,40810,240,4065,211,762,701,25539,280,326
2011,VA,24086,117,54,4943,28,405,23,54,91,3093,33,20
2011,VA,24087,1651,706,64984,336,6295,308,1196,1195,37835,462,489
2011,VA,24088,1597,755,58600,286,5167,260,951,1144,32765,485,452
2011,VA,24089,1226,447,35417,154,2454,132,343,817,17770,326,255
2011,VA,24090,1976,1052,126798,817,19023,733,4121,1604,85502,640,722
2011,VA,24091,3205,1546,140178,785,15428,689,3178,2337,85373,939,981
2011,VA,24092,1214,547,47407,278,5302,251,862,915,26777,382,381
2011,VA,24095,1970,966,95974,637,12047,574,2344,1583,60550,635,623
2011,VA,24101,2839,1541,157983,1093,22730,967,4231,2295,102406,896,906
2011,VA,24102,622,287,21593,118,1884,105,333,446,11648,193,180
2011,VA,24104,1539,836,84209,576,12789,478,2134,1187,54064,406,369
2011,VA,24105,199,110,7671,33,481,32,94,145,4375,69,68
2011,VA,24112,12733,4581,495464,2698,56998,2374,10759,8720,287481,3678,3833
2011,VA,24120,726,378,28787,130,2408,105,443,504,16842,183,148
2011,VA,24121,4733,2627,344291,2049,53443,1698,11229,3753,240778,1436,1353
2011,VA,24122,826,393,34069,190,3330,172,606,664,20440,251,227
2011,VA,24124,1798,837,72591,272,4466,248,925,1354,44054,498,552
2011,VA,24127,1796,858,75238,464,7788,420,1515,1354,45564,483,509
2011,VA,24128,829,426,43133,251,4965,229,992,681,28268,259,263
2011,VA,24133,1120,531,36637,149,2513,135,400,780,19216,323,302
2011,VA,24134,2452,1106,109205,527,9420,481,2115,1921,68524,737,858
2011,VA,24136,1482,658,63876,314,5645,286,1233,1135,39529,432,451
2011,VA,24137,1076,557,61520,318,9224,268,1965,788,39519,321,289
2011,VA,24138,656,363,29517,181,3003,161,528,504,18130,189,247
2011,VA,24139,234,98,8378,43,762,36,108,167,4635,62,62
2011,VA,24141,7383,2881,374707,1965,39087,1793,10134,5641,252402,2206,2607
2011,VA,24147,422,181,15897,46,694,39,139,313,9378,125,142
2011,VA,24148,3372,1498,127119,666,12352,606,2239,2436,72523,1026,963
2011,VA,24149,1553,843,81416,530,10901,484,2346,1256,51522,540,601
2011,VA,24150,300,139,11761,55,790,43,126,228,7124,76,75
2011,VA,24151,8161,3351,321502,1800,34609,1619,6473,5966,186375,2528,2417
2011,VA,24153,17235,7542,920931,6255,130219,5627,26519,13634,600708,5599,6451
2011,VA,24161,145,75,5124,0.0001,0.0001,0.0001,0.0001,102,2760,36,31
2011,VA,24162,977,475,43015,242,4814,224,1106,744,25996,298,360
2011,VA,24165,747,358,27158,130,2167,109,381,554,14996,238,221
2011,VA,24167,150,67,5518,21,277,0.0001,0.0001,113,3096,46,33
2011,VA,24168,394,156,12479,56,1095,53,198,249,6081,120,75
2011,VA,24171,3156,1546,124022,634,12310,545,2283,2299,69491,932,921
2011,VA,24174,1069,489,42050,248,4295,229,792,830,24505,324,295
2011,VA,24175,3696,1996,215730,1505,31232,1371,6350,3029,141380,1285,1436
2011,VA,24176,600,363,42024,287,7830,229,1283,482,27987,172,100
2011,VA,24179,8846,3862,395726,2777,50258,2455,9492,6869,243310,2803,3179
2011,VA,24184,2042,1032,105039,638,13985,552,2653,1552,66822,635,596
2011,VA,24185,403,211,15415,47,791,39,150,287,8879,121,84
2011,VA,24201,6639,2519,251240,1181,20125,1014,3800,4572,149608,1766,1689
2011,VA,24202,5422,2730,308988,1275,34870,1126,9252,4024,197471,1664,1858
2011,VA,24210,6537,2930,321934,1498,31250,1303,6663,5004,210919,1947,1935
2011,VA,24211,4129,2138,277216,1405,35778,1257,11226,3170,193992,1266,1376
2011,VA,24216,930,395,34403,72,1151,66,375,622,20563,268,272
2011,VA,24219,3650,1709,166880,636,12185,580,3454,2679,106607,1073,1114
2011,VA,24220,260,149,10963,20,258,0.0001,0.0001,186,6760,82,93
2011,VA,24221,271,156,8973,0.0001,0.0001,0.0001,0.0001,183,4734,76,77
2011,VA,24224,2072,1054,80684,246,4343,211,979,1487,48254,551,549
2011,VA,24225,595,313,21572,42,660,41,154,428,12293,171,181
2011,VA,24226,517,269,19432,38,537,33,120,374,11254,157,170
2011,VA,24228,2505,1277,108647,270,4786,251,1439,1845,68173,759,861
2011,VA,24230,3205,1537,131313,332,6049,308,1733,2269,80699,920,1007
2011,VA,24236,1192,533,44802,183,3809,165,687,855,25694,328,311
2011,VA,24237,395,177,11935,0.0001,0.0001,0.0001,0.0001,256,6152,107,101
2011,VA,24239,193,97,6428,0.0001,0.0001,0.0001,0.0001,136,3575,62,50
2011,VA,24243,813,410,32273,110,1838,97,410,569,19054,243,275
2011,VA,24244,1910,968,72241,238,4196,214,865,1361,41958,550,597
2011,VA,24245,350,185,12357,40,574,36,136,231,6971,101,102
2011,VA,24248,897,455,30797,128,2104,111,458,598,16851,238,214
2011,VA,24250,419,229,14795,34,476,30,115,304,8306,136,122
2011,VA,24251,3560,1852,155326,575,11657,514,2795,2567,93997,1102,1130
2011,VA,24256,1097,596,43255,78,1365,75,321,761,26219,315,371
2011,VA,24258,585,308,23559,82,1484,74,324,427,13908,177,176
2011,VA,24260,1902,1012,73220,164,3062,155,757,1328,43083,567,610
2011,VA,24263,2269,1124,91400,362,6594,337,1517,1630,54639,665,688
2011,VA,24265,257,118,9624,0.0001,0.0001,0.0001,0.0001,174,5730,79,83
2011,VA,24266,3855,1946,181413,764,14357,711,3572,2937,116713,1166,1285
2011,VA,24270,186,102,5984,27,380,22,48,124,2886,52,48
2011,VA,24271,981,533,37336,145,2269,129,424,712,21407,312,328
2011,VA,24272,170,99,6226,0.0001,0.0001,0.0001,0.0001,119,3531,52,48
2011,VA,24273,2462,997,101570,330,5965,313,1705,1800,63940,700,668
2011,VA,24277,1870,832,69720,233,4327,207,942,1214,41044,503,512
2011,VA,24279,1677,876,70503,181,3057,173,717,1251,43042,539,616
2011,VA,24280,484,286,23744,115,2104,107,524,380,15112,159,170
2011,VA,24281,795,394,27970,85,1722,74,348,536,15208,241,238
2011,VA,24282,218,97,5475,0.0001,0.0001,0.0001,0.0001,103,2457,45,38
2011,VA,24283,1033,511,41999,126,2418,115,598,728,25465,291,312
2011,VA,24290,645,287,24385,97,1582,82,329,469,14363,173,166
2011,VA,24292,195,96,5348,0.0001,0.0001,0.0001,0.0001,131,2503,54,40
2011,VA,24293,4114,1977,210302,774,16039,707,4534,3150,139252,1320,1474
2011,VA,24301,5694,2283,220366,1055,18537,959,3807,4108,132507,1503,1444
2011,VA,24311,847,342,27693,87,1421,73,216,637,15042,235,191
2011,VA,24312,861,418,29500,99,1569,89,262,613,16213,228,226
2011,VA,24313,401,204,13662,31,390,28,63,288,7538,127,117
2011,VA,24314,588,298,26179,97,1731,91,401,455,16511,175,185
2011,VA,24315,1300,674,60833,249,5306,227,1191,1032,38245,373,399
2011,VA,24317,1341,699,44439,219,3510,197,735,907,23263,396,384
2011,VA,24318,234,118,10356,38,633,34,101,175,6448,63,76
2011,VA,24319,3049,1459,115710,521,9761,473,1756,2254,65520,947,959
2011,VA,24323,292,141,10326,48,779,44,125,211,5755,84,83
2011,VA,24324,906,484,45099,264,5122,235,1081,725,28721,274,325
2011,VA,24325,404,214,14803,66,1134,57,158,304,8325,116,104
2011,VA,24326,439,226,15676,89,1648,77,245,308,8110,101,99
2011,VA,24328,729,407,31431,167,3309,150,754,550,17957,178,168
2011,VA,24330,1271,602,39032,153,2631,136,372,875,19492,305,266
2011,VA,24333,7124,3190,263442,1230,23298,1113,4639,4898,147741,1979,1901
2011,VA,24340,2221,1055,84517,372,7195,336,1200,1616,48082,649,611
2011,VA,24343,3712,1775,141081,641,11533,555,2248,2702,81164,1077,1105
2011,VA,24347,747,372,30189,165,2897,146,506,567,17823,237,252
2011,VA,24348,1535,746,55865,277,5438,232,817,1068,30876,415,393
2011,VA,24350,493,231,15790,57,877,53,144,356,8223,135,115
2011,VA,24351,264,126,8267,32,444,26,80,171,4245,61,51
2011,VA,24352,391,205,13818,68,1283,59,187,274,7263,102,104
2011,VA,24354,6083,2573,234230,1017,19784,905,4118,4286,138335,1631,1678
2011,VA,24360,2447,1181,92218,402,6604,369,1286,1777,53607,726,783
2011,VA,24361,1981,956,78709,337,6660,301,1286,1454,46303,560,559
2011,VA,24363,521,273,17314,78,1491,64,181,370,9225,155,128
2011,VA,24366,432,220,18575,85,1503,77,298,327,11303,122,133
2011,VA,24368,2160,1031,84734,388,6693,351,1228,1626,49369,659,734
2011,VA,24370,2405,1160,84584,259,4479,229,828,1708,46593,652,631
2011,VA,24374,288,132,9537,39,778,32,110,204,4938,75,61
2011,VA,24375,650,310,21202,82,1205,67,190,435,11373,166,148
2011,VA,24377,112,66,4302,0.0001,0.0001,0.0001,0.0001,76,2495,26,26
2011,VA,24378,451,241,16249,77,1238,64,175,327,9083,110,98
2011,VA,24380,1051,554,44901,213,4011,195,893,774,26890,299,319
2011,VA,24381,1619,794,58331,268,4411,246,807,1204,32555,439,436
2011,VA,24382,6325,2697,283134,1450,28153,1279,6125,4702,179821,1732,1754
2011,VA,24401,16089,6421,745597,4976,96162,4432,17984,12392,470413,4778,4874
2011,VA,24413,115,60,4896,29,466,28,107,82,3006,30,21
2011,VA,24416,3648,1521,130399,741,13315,665,2201,2653,72082,1093,1114
2011,VA,24421,1703,853,80214,555,9731,497,1743,1399,49824,548,617
2011,VA,24422,2603,1101,108590,466,8683,404,1730,1910,66922,742,763
2011,VA,24426,6305,2863,275543,1192,19765,1086,4751,4880,173482,1815,1928
2011,VA,24430,662,296,22785,120,1763,109,300,477,12343,169,166
2011,VA,24431,1248,546,46376,258,4228,229,760,941,26519,365,352
2011,VA,24432,166,82,6569,37,515,31,90,126,3909,48,40
2011,VA,24435,870,442,40890,284,5778,249,969,667,25134,261,280
2011,VA,24437,383,195,20264,151,3078,138,652,308,12711,135,141
2011,VA,24439,483,207,15646,87,1360,77,194,343,8246,127,119
2011,VA,24440,1185,559,48881,313,5423,284,933,917,28617,365,406
2011,VA,24441,2703,1247,116132,750,12756,702,2415,2144,69499,948,980
2011,VA,24445,1265,567,54907,205,5083,187,951,964,33718,372,363
2011,VA,24450,6576,2855,380374,2309,55176,1981,10687,5177,254703,2109,2433
2011,VA,24458,163,84,6926,34,532,21,51,123,4093,37,20
2011,VA,24459,361,201,17878,122,3105,107,442,274,10350,104,109
2011,VA,24460,696,333,31634,154,3416,129,592,517,19581,194,177
2011,VA,24465,609,285,25527,126,2939,110,548,436,15645,150,143
2011,VA,24467,1020,556,58357,374,7915,348,1730,848,38451,346,382
2011,VA,24471,678,322,36935,256,5822,227,1107,539,23590,209,216
2011,VA,24472,986,454,44599,285,5940,248,937,727,27321,281,301
2011,VA,24473,415,219,23189,132,3780,111,614,309,14832,111,97
2011,VA,24476,197,96,9058,72,1267,65,204,161,5492,67,61
2011,VA,24477,4947,2360,234888,1646,29226,1484,5379,3959,147024,1637,1881
2011,VA,24479,744,375,34934,231,4172,219,731,597,21211,263,298
2011,VA,24482,2223,943,101517,631,11058,577,2176,1758,64091,693,710
2011,VA,24483,292,142,12016,79,1632,71,251,208,6680,85,63
2011,VA,24484,400,169,18422,89,2157,74,335,306,11252,115,88
2011,VA,24485,189,86,7910,55,990,47,144,152,4578,53,46
2011,VA,24486,1597,792,79488,590,12675,538,2122,1295,48338,623,777
2011,VA,24487,116,57,5485,28,582,25,91,87,3245,35,15
2011,VA,24501,10816,2801,327436,1741,27218,1559,4786,7209,175303,2952,2672
2011,VA,24502,17250,6699,745085,5049,89332,4436,16718,13422,460512,5612,5988
2011,VA,24503,8932,4177,749660,4251,122421,3681,28750,7175,539260,3303,3550
2011,VA,24504,3760,1084,132063,704,13380,632,2507,2501,76118,1001,886
2011,VA,24517,2364,948,102213,544,10693,487,2029,1749,62640,723,773
2011,VA,24520,957,412,36157,192,3279,175,642,679,20485,311,328
2011,VA,24521,4319,1971,195126,1256,23558,1115,4400,3242,119542,1360,1441
2011,VA,24522,4241,1914,189391,1129,22218,1016,4318,3116,115966,1310,1393
2011,VA,24523,8391,3754,359473,2247,42012,1966,7726,6280,217651,2511,2669
2011,VA,24526,665,318,31533,164,3170,148,690,533,19939,199,236
2011,VA,24527,1386,551,52738,307,5358,281,974,1013,29851,438,446
2011,VA,24528,1361,565,52701,245,4918,213,942,938,30586,348,355
2011,VA,24529,696,297,31349,172,3737,152,726,478,19225,178,145
2011,VA,24530,450,202,17136,85,1451,76,258,336,9724,128,135
2011,VA,24531,3600,1429,153132,765,14863,660,3223,2654,92746,1092,1070
2011,VA,24534,697,282,24091,125,2057,106,326,510,13085,222,206
2011,VA,24536,100,45,4517,24,301,20,58,78,2562,26,21
2011,VA,24538,1977,956,88780,587,10130,546,2021,1535,53598,689,782
2011,VA,24540,13665,4532,509189,2944,54767,2591,10673,9469,290633,3993,3705
2011,VA,24541,11843,3878,534975,2716,62611,2371,12796,8213,336229,3375,3180
2011,VA,24549,1746,819,72299,445,7685,413,1410,1348,42012,616,691
2011,VA,24550,3142,1380,142600,852,15950,779,3467,2459,88330,1064,1141
2011,VA,24551,10021,5385,726771,4715,114190,4350,27135,8251,501866,3807,5014
2011,VA,24553,767,332,28796,184,3121,159,518,560,16213,222,223
2011,VA,24554,1576,721,62611,310,5334,277,1052,1154,36381,477,497
2011,VA,24555,933,385,36174,191,3769,170,674,678,21147,263,224
2011,VA,24556,1425,809,92782,589,13244,529,2768,1149,62819,519,619
2011,VA,24557,3146,1372,119875,583,10401,521,1827,2298,68939,929,889
2011,VA,24558,2810,1119,122109,659,12915,588,2648,2091,74229,901,860
2011,VA,24562,225,77,9010,72,1079,63,159,168,5242,74,71
2011,VA,24563,2295,967,89278,448,7447,403,1450,1719,52278,673,638
2011,VA,24565,467,138,14880,80,1358,68,204,317,7678,133,114
2011,VA,24566,595,283,22278,124,1984,110,308,437,12225,202,215
2011,VA,24569,418,193,15681,85,1548,78,235,313,8795,130,132
2011,VA,24571,849,381,37816,202,3663,189,760,632,23498,260,311
2011,VA,24572,7479,2986,302157,1970,33290,1802,6075,5745,179015,2393,2485
2011,VA,24574,1778,802,87917,524,10504,467,2215,1356,56762,541,560
2011,VA,24577,2023,802,71144,369,6003,320,996,1434,39271,603,564
2011,VA,24578,468,206,20593,136,3071,109,355,354,12175,152,131
2011,VA,24579,627,243,22246,106,1991,95,273,477,12336,193,181
2011,VA,24580,244,115,8524,47,781,40,123,169,4667,74,82
2011,VA,24586,2385,1042,97214,535,9321,494,1911,1812,57213,782,864
2011,VA,24588,4215,1920,182443,1079,20105,978,3957,3182,109058,1372,1519
2011,VA,24589,885,357,30712,166,2758,148,496,634,16772,268,265
2011,VA,24590,3374,1484,160783,1122,22094,996,4097,2606,99857,1044,1158
2011,VA,24592,5626,2006,224978,1177,22618,1044,4459,4025,132761,1805,1709
2011,VA,24593,824,377,35573,220,4121,203,829,598,21311,266,313
2011,VA,24594,729,307,28056,168,2988,149,530,540,15820,230,238
2011,VA,24597,491,224,18800,118,2118,98,341,362,10426,155,147
2011,VA,24598,711,350,29940,172,3058,156,561,551,17606,252,260
2011,VA,24599,257,99,8729,57,845,49,124,187,4706,75,65
2011,VA,24602,281,138,8980,0.0001,0.0001,0.0001,0.0001,184,4798,70,64
2011,VA,24603,406,187,16306,32,529,30,184,288,10280,105,113
2011,VA,24605,3726,1756,206639,768,18234,698,5572,2840,140490,1079,1143
2011,VA,24609,2631,1395,123595,437,8582,408,2255,1986,78897,866,917
2011,VA,24613,382,199,15099,42,620,39,117,294,8899,116,119
2011,VA,24614,2572,1338,132585,340,8592,324,2992,1907,87708,805,916
2011,VA,24620,851,442,38037,56,1135,50,345,582,24511,260,284
2011,VA,24622,333,183,13122,26,417,25,81,253,7801,105,99
2011,VA,24628,246,120,9681,21,235,20,75,168,6042,68,66
2011,VA,24630,2751,1338,116430,394,7530,362,1942,2032,71441,874,865
2011,VA,24631,490,232,20229,54,873,48,172,370,12573,139,148
2011,VA,24634,227,130,9613,20,205,0.0001,0.0001,193,5703,75,93
2011,VA,24637,1521,870,87091,357,7133,334,2055,1216,59101,523,591
2011,VA,24639,1117,576,40531,95,1549,87,343,752,23310,295,321
2011,VA,24641,2234,1030,105204,381,8296,344,2139,1634,68578,656,681
2011,VA,24646,251,148,9740,20,195,0.0001,0.0001,190,5703,78,75
2011,VA,24649,783,435,31346,66,1102,65,284,575,18721,241,261
2011,VA,24651,2349,1153,140143,486,12586,437,4168,1809,97361,706,726
2011,VA,24656,1341,676,64753,127,2596,123,883,995,43245,397,400
2011,VA,24657,116,72,5018,0.0001,0.0001,0.0001,0.0001,88,3175,30,25
2011,VA,99999,52341,17360,3306718,17582,462698,14894,92109,41622,2250611,15865,16300
